Price,Open,High,Low,Close,Volume,Close_Lag1,Close_Lag2,Close_Lag3,MA_3,MA_5,MA_10,Target
Ticker,AAPL,AAPL,AAPL,AAPL,AAPL,,,,,,,
Date,,,,,,,,,,,,
2024-10-09,223.36153007501719,227.84403724277382,222.96485445261254,227.63577270507812,33591100,223.89707946777344,219.85089111328125,224.91848754882812,223.7945810953776,224.0200225830078,225.19320983886718,227.13990783691406
2024-10-10,225.8903660776275,227.59609839600836,225.2854259515482,227.13990783691406,28183500,227.63577270507812,223.89707946777344,219.85089111328125,226.22425333658853,224.688427734375,225.3439468383789,225.66229248046875
2024-10-11,227.39777482080956,227.5068628874906,225.4540279414576,225.66229248046875,31759200,227.13990783691406,227.63577270507812,223.89707946777344,226.81265767415366,224.83718872070312,225.3201461791992,229.3811798095703
2024-10-14,226.80274288926017,229.8076053434174,226.70358155060512,229.3811798095703,39882100,225.66229248046875,227.13990783691406,227.63577270507812,227.39446004231772,226.74324645996094,225.15155792236328,231.91004943847656
2024-10-15,231.67203496624026,235.51985237359267,230.4423162246621,231.91004943847656,64751400,229.3811798095703,225.66229248046875,227.13990783691406,228.98450724283853,228.34584045410156,225.9092224121094,229.857177734375
2024-10-16,229.67867825777722,230.1943535005289,227.93326933706737,229.857177734375,34082200,231.91004943847656,229.3811798095703,225.66229248046875,230.38280232747397,228.79012145996094,226.4050720214844,230.22412109375
2024-10-17,231.49350124327563,231.91003031839952,228.60765355789445,230.22412109375,32993800,229.857177734375,231.91004943847656,229.3811798095703,230.66378275553384,229.40696411132814,227.04769592285157,233.05047607421875
2024-10-18,234.2206797118992,234.2206797118992,232.0686835146529,233.05047607421875,46431500,230.22412109375,229.857177734375,231.91004943847656,231.0439249674479,230.8846008300781,227.86089477539062,234.5182342529297
2024-10-21,232.5050756862118,234.88517514263293,232.5050756862118,234.5182342529297,36254500,233.05047607421875,230.22412109375,229.857177734375,232.5976104736328,231.91201171875,229.32762908935547,233.9033660888672
2024-10-22,231.94970749678197,234.2603802258017,230.67041566655348,233.9033660888672,38846600,234.5182342529297,233.05047607421875,230.22412109375,233.82402547200522,232.31067504882813,230.32825775146483,228.8456573486328
2024-10-23,232.13812257917175,233.18932661738793,225.87054472777703,228.8456573486328,52287000,233.9033660888672,234.5182342529297,233.05047607421875,232.42241923014322,232.10837097167968,230.44924621582032,228.65725708007812
2024-10-24,228.0721400698136,228.9051831435476,226.51517225997247,228.65725708007812,31109500,228.8456573486328,233.9033660888672,234.5182342529297,230.46876017252603,231.7949981689453,230.60098114013672,229.4902801513672
2024-10-25,227.83413589840254,231.28526239164006,227.6655479946858,229.4902801513672,38802300,228.65725708007812,228.8456573486328,233.9033660888672,228.99773152669272,231.082958984375,230.98377990722656,231.4637451171875
2024-10-28,231.38442210065006,232.78271346714027,230.62080565968694,231.4637451171875,36087100,229.4902801513672,228.65725708007812,228.8456573486328,229.87042744954428,230.47206115722656,231.1920364379883,231.7315216064453
2024-10-29,231.1662580738538,232.38605001867157,230.3927299983884,231.7315216064453,35417200,231.4637451171875,229.4902801513672,228.65725708007812,230.89518229166666,230.03769226074218,231.17418365478517,228.19114685058594
2024-10-30,230.68031899274527,231.53318522639518,227.64570650368097,228.19114685058594,47070900,231.7315216064453,231.4637451171875,229.4902801513672,230.4621378580729,229.90679016113282,231.00758056640626,224.035888671875
2024-10-31,227.43742665071557,227.92336713292326,223.5003599556127,224.035888671875,64370100,228.19114685058594,231.7315216064453,231.4637451171875,227.9861857096354,228.98251647949218,230.38875732421874,221.06077575683594
2024-11-01,219.1368672842602,223.4805363045207,218.44267740554844,221.06077575683594,65276700,224.035888671875,228.19114685058594,231.7315216064453,224.42927042643228,227.29661560058594,229.18978729248047,220.16824340820312
2024-11-04,219.15671602208408,220.94177147156717,217.88733586004025,220.16824340820312,44944500,221.06077575683594,224.035888671875,228.19114685058594,221.75496927897134,225.03751525878906,227.75478820800782,221.59629821777344
2024-11-05,219.9599923572388,222.09215031274817,219.3054639601429,221.59629821777344,28111300,220.16824340820312,221.06077575683594,224.035888671875,220.9417724609375,223.01047058105468,226.52408142089843,220.87237548828125
2024-11-06,220.76328741365683,224.19459083458287,219.35506917081855,220.87237548828125,54561100,221.59629821777344,220.16824340820312,221.06077575683594,220.87897237141928,221.54671630859374,225.72675323486328,225.59286499023438
2024-11-07,222.7665171269793,225.9895557457087,222.7070172967094,225.59286499023438,42137700,220.87237548828125,221.59629821777344,220.16824340820312,222.6871795654297,221.8581115722656,225.4203140258789,225.32481384277344
2024-11-08,225.53329235935942,227.01256271730918,224.77877343219782,225.32481384277344,38328800,225.59286499023438,220.87237548828125,221.59629821777344,223.93001810709634,222.71091918945314,225.00376739501954,222.61448669433594
2024-11-11,223.3789433198207,224.07389700260043,219.90415975706793,222.61448669433594,42005600,225.32481384277344,225.59286499023438,220.87237548828125,224.5107218424479,223.20016784667968,224.11884155273438,222.61448669433594
2024-11-12,222.93218846295187,223.96468891324545,221.75075962779928,222.61448669433594,40398300,222.61448669433594,225.32481384277344,225.59286499023438,223.51792907714844,223.4038055419922,223.20713806152344,223.49807739257812
2024-11-13,222.39607398240116,225.0170530189228,221.15507983350162,223.49807739257812,48566200,222.61448669433594,222.61448669433594,225.32481384277344,222.90901692708334,223.92894592285157,222.73783111572266,226.5757293701172
2024-11-14,223.3987876531247,227.2210402122622,223.3789275067786,226.5757293701172,44923900,223.49807739257812,222.61448669433594,222.61448669433594,224.22943115234375,224.12551879882812,222.99181518554687,223.37892150878906
2024-11-15,224.76882873863602,225.28508648780175,222.65418524957263,223.37892150878906,47923700,226.5757293701172,223.49807739257812,222.61448669433594,224.48424275716147,223.73634033203126,223.2236297607422,226.37718200683594
2024-11-18,223.62713486361545,228.08479108540536,223.54770942404784,226.37718200683594,44633700,223.37892150878906,226.5757293701172,223.49807739257812,225.4439442952474,224.48887939453124,223.84452362060546,226.6352996826172
2024-11-19,225.34466282087314,228.50175961033486,225.02697621656037,226.6352996826172,36211800,226.37718200683594,223.37892150878906,226.5757293701172,225.46380106608072,225.2930419921875,224.34842376708986,227.35012817382812
2024-11-20,226.41689814964724,228.27342054954684,224.26253412411586,227.35012817382812,35169600,226.6352996826172,226.37718200683594,223.37892150878906,226.78753662109375,226.0634521484375,224.99619903564454,226.87356567382812
2024-11-21,227.2309725554499,228.50174921258224,224.08381355701644,226.87356567382812,42108300,227.35012817382812,226.6352996826172,226.37718200683594,226.95299784342447,226.12301940917968,225.1242691040039,228.21383666992188
2024-11-22,226.4168797117104,229.05771868234922,226.4168797117104,228.21383666992188,38168300,226.87356567382812,227.35012817382812,226.6352996826172,227.47917683919272,227.09000244140626,225.41317138671874,231.19219970703125
2024-11-25,229.79237007092468,231.569466708358,228.08476121597957,231.19219970703125,90152800,228.21383666992188,226.87356567382812,227.35012817382812,228.7598673502604,228.05300598144532,226.27094268798828,233.36647033691406
2024-11-26,231.64893863936055,233.87280565588551,231.64893863936055,233.36647033691406,45986200,231.19219970703125,228.21383666992188,226.87356567382812,230.9241689046224,229.39924011230468,227.34614105224608,233.23736572265625
2024-11-27,232.78068842055708,233.99189975911068,232.12543996222107,233.23736572265625,33498400,233.36647033691406,231.19219970703125,228.21383666992188,232.5986785888672,230.57668762207032,228.3200698852539,235.62008666992188
2024-11-29,233.1182385238603,236.0966241243161,232.28429419145726,235.62008666992188,28481400,233.23736572265625,233.36647033691406,231.19219970703125,234.07464090983072,232.32599182128905,229.22450561523436,237.86383056640625
2024-12-02,235.5605532676808,239.0551819380818,235.45134517492735,237.86383056640625,48137100,235.62008666992188,233.23736572265625,233.36647033691406,235.57376098632812,234.25599060058593,230.6729965209961,240.90176391601562
2024-12-03,238.08222901174219,241.01097200063165,237.17878168890522,240.90176391601562,38861000,237.86383056640625,235.62008666992188,233.23736572265625,238.1285603841146,236.19790344238282,232.12545471191407,241.2592010498047
2024-12-04,241.12021030186204,242.35128203282213,239.51188662583215,241.2592010498047,44383900,240.90176391601562,237.86383056640625,235.62008666992188,240.00826517740884,237.77644958496094,233.5878448486328,241.28895568847656
2024-12-05,242.2321233137982,242.77814859306412,240.38552350615552,241.28895568847656,40033900,241.2592010498047,240.90176391601562,237.86383056640625,241.14997355143228,239.386767578125,234.98172760009766,241.0903778076172
2024-12-06,241.1598807416467,242.86748966267425,240.33585892461636,241.0903778076172,36870600,241.28895568847656,241.2592010498047,240.90176391601562,241.2128448486328,240.48082580566407,236.40340881347657,244.9722137451172
2024-12-09,240.08766321596437,245.4586888430206,240.00823778270345,244.9722137451172,44649200,241.0903778076172,241.28895568847656,241.2592010498047,242.4505157470703,241.90250244140626,238.0792465209961,245.98487854003906
2024-12-10,245.11121388943334,246.4217108653419,243.57237825215392,245.98487854003906,36914800,244.9722137451172,241.0903778076172,241.28895568847656,244.0158233642578,242.91912536621095,239.5585144042969,244.71412658691406
2024-12-11,246.17353693536344,248.99307203962232,244.48577275361333,244.71412658691406,45205800,245.98487854003906,244.9722137451172,241.0903778076172,245.22373962402344,243.6101104736328,240.6932800292969,246.17352294921875
2024-12-12,245.11122473397327,246.9479020514793,243.9099357862414,246.17352294921875,32777500,244.71412658691406,245.98487854003906,244.9722137451172,245.62417602539062,244.58702392578124,241.9868957519531,246.34231567382812
2024-12-13,246.03455153835694,247.4939467696469,244.46593306347833,246.34231567382812,33155300,246.17352294921875,244.71412658691406,245.98487854003906,245.74332173665366,245.63741149902344,243.05911865234376,249.2313232421875
2024-12-16,246.2033097230519,249.56888515433104,245.86574781090837,249.2313232421875,51694800,246.34231567382812,246.17352294921875,244.71412658691406,247.24905395507812,246.4892333984375,244.19586791992188,251.65374755859375
2024-12-17,248.27824960945253,252.00123197197036,247.98040799068028,251.65374755859375,51356400,249.2313232421875,246.34231567382812,246.17352294921875,249.07579549153647,247.62300720214844,245.27106628417968,246.26287841796875
2024-12-18,250.34326772719038,252.4479889260113,245.95511429725673,246.26287841796875,56774100,251.65374755859375,249.2313232421875,246.34231567382812,249.04931640625,247.93275756835936,245.77143402099608,247.99032592773438
2024-12-19,245.71683140567848,250.184410158509,245.3097817058068,247.99032592773438,60882300,246.26287841796875,251.65374755859375,249.2313232421875,248.63565063476562,248.2961181640625,246.4415710449219,252.65647888183594
2024-12-20,246.2529371403228,253.16279902630112,243.919877297432,252.65647888183594,147495300,247.99032592773438,246.26287841796875,251.65374755859375,248.9698944091797,249.55895080566407,247.59818115234376,253.43087768554688
2024-12-23,252.93448000183187,253.80812962394884,251.62398284537375,253.43087768554688,40858800,252.65647888183594,247.99032592773438,246.26287841796875,251.3592274983724,250.39886169433595,248.4440475463867,256.33978271484375
2024-12-24,253.64930053302467,256.34969006633503,253.4507293352449,256.33978271484375,23234700,253.43087768554688,252.65647888183594,247.99032592773438,254.1423797607422,251.33606872558593,249.4795379638672,257.15380859375
2024-12-26,256.32980188696064,258.2260444048055,255.77383898408218,257.15380859375,27237100,256.33978271484375,253.43087768554688,252.65647888183594,255.64148966471353,253.51425476074218,250.72350616455077,253.74853515625
2024-12-27,255.97238682838486,256.836144148833,251.2367643772991,253.74853515625,42355300,257.15380859375,256.33978271484375,253.43087768554688,255.74737548828125,254.6658966064453,251.48100738525392,250.38296508789062
2024-12-30,250.4127477342041,251.67360197393796,248.9434149702759,250.38296508789062,35557500,253.74853515625,257.15380859375,256.33978271484375,253.76176961263022,254.21119384765626,251.88507232666015,248.6157989501953
2024-12-31,250.6212497119267,251.4551941340452,247.63292614272083,248.6157989501953,39480700,250.38296508789062,253.74853515625,257.15380859375,250.91576639811197,253.24817810058593,251.82351989746093,242.09312438964844
2025-01-02,247.13651085819407,247.30529937932678,240.07775127221439,242.09312438964844,55740700,248.6157989501953,250.38296508789062,253.74853515625,247.03062947591147,250.3988464355469,250.8674575805664,241.60665893554688
2025-01-03,241.60665893554688,242.42074318433572,240.14724866814672,241.60665893554688,40244100,242.09312438964844,248.6157989501953,250.38296508789062,244.10519409179688,247.28941650390624,250.4018356323242,243.23486328125
2025-01-06,242.54983205880436,245.5480782886853,241.44782860288205,243.23486328125,45045600,241.60665893554688,242.09312438964844,248.6157989501953,242.3115488688151,245.18668212890626,249.9262893676758,240.46495056152344
2025-01-07,241.22939201717418,243.78088314896328,239.61114601786818,240.46495056152344,40856000,243.23486328125,241.60665893554688,242.09312438964844,241.7688242594401,243.2030792236328,248.70713653564454,240.95140075683594
2025-01-08,240.17702168463396,241.95413364050106,238.32049944087447,240.95140075683594,37628900,240.46495056152344,243.23486328125,241.60665893554688,241.55040486653647,241.67019958496093,247.45918884277344,235.1435546875
2025-01-10,238.28077607985776,238.42970445265777,231.32128701842691,235.1435546875,61710900,240.95140075683594,240.46495056152344,243.23486328125,238.85330200195312,240.28028564453126,245.33956604003907,232.71121215820312
2025-01-13,231.84748509521594,232.9792711307645,228.06493742769467,232.71121215820312,49630700,235.1435546875,240.95140075683594,240.46495056152344,236.2687225341797,238.5011962890625,242.8953063964844,231.59927368164062
2025-01-14,233.05868390458076,234.41880854341963,230.7951119565212,231.59927368164062,39435300,232.71121215820312,235.1435546875,240.95140075683594,233.1513468424479,236.17407836914063,240.68038024902344,236.1562042236328
2025-01-15,232.94947976770305,237.2383625727966,232.74098609709984,236.1562042236328,39832000,231.59927368164062,232.71121215820312,235.1435546875,233.48889668782553,235.3123291015625,239.25770416259766,226.6154327392578
2025-01-16,235.63995285298606,236.29518618874627,226.38709407905125,226.6154327392578,71759100,236.1562042236328,231.59927368164062,232.71121215820312,231.45697021484375,232.44513549804688,237.05766754150392,228.32305908203125
2025-01-17,230.44764042021458,230.6164138035219,226.833866130533,228.32305908203125,68488300,226.6154327392578,236.1562042236328,231.59927368164062,230.36489868164062,231.08103637695314,235.6806610107422,221.0359344482422
2025-01-21,222.38613659782595,222.8031087860845,217.79942737812888,221.0359344482422,98070400,228.32305908203125,226.6154327392578,236.1562042236328,225.3248087565104,228.74598083496093,233.62358856201172,222.21737670898438
2025-01-22,218.2064751614249,222.5052806842356,218.2064751614249,222.21737670898438,64126500,221.0359344482422,228.32305908203125,226.6154327392578,223.8587900797526,226.86960144042968,231.52183990478517,222.048583984375
2025-01-23,223.12080464680741,225.39429904989126,220.69838187044374,222.048583984375,60234800,222.21737670898438,221.0359344482422,228.32305908203125,221.76729838053384,224.04807739257814,229.68020324707032,221.17491149902344
2025-01-24,223.16050188156166,224.00438385368136,219.81478693461753,221.17491149902344,54697900,222.048583984375,222.21737670898438,221.0359344482422,221.8136240641276,222.95997314453126,227.70255432128906,228.2039337158203
2025-01-27,222.40601266103107,230.47742834163907,222.36629236472388,228.2039337158203,94863400,221.17491149902344,222.048583984375,222.21737670898438,223.80914306640625,222.93614807128907,227.0085922241211,236.5434112548828
2025-01-28,229.1868093297106,238.45951413038736,229.1470890329199,236.5434112548828,75707600,228.2039337158203,221.17491149902344,222.048583984375,228.64075215657553,226.0376434326172,227.39181213378907,237.63546752929688
2025-01-29,232.43321505583046,238.1318651456976,232.3240069742682,237.63546752929688,45486100,236.5434112548828,228.2039337158203,221.17491149902344,234.12760416666666,229.1212615966797,227.99543151855468,235.87823486328125
2025-01-30,236.95045561956258,239.05517683623282,235.50098294542886,235.87823486328125,55658300,237.63546752929688,236.5434112548828,228.2039337158203,236.68570454915366,231.88719177246094,227.96763458251954,234.29966735839844
2025-01-31,245.40904807772534,245.40904807772534,231.7581140684966,234.29966735839844,100959800,235.87823486328125,237.63546752929688,236.5434112548828,235.9377899169922,234.51214294433595,228.7360580444336,226.36724853515625
2025-02-03,228.33299411580026,230.15973381299622,224.0738938399255,226.36724853515625,73063300,234.29966735839844,235.87823486328125,237.63546752929688,232.1817169189453,234.14480590820312,228.54047698974608,231.12274169921875
2025-02-04,225.61272492539547,231.45036595591674,225.01704170433482,231.12274169921875,45067300,226.36724853515625,234.29966735839844,235.87823486328125,230.59655253092447,233.0606719970703,229.54915771484374,230.79510498046875
2025-02-05,226.88348940722173,230.99366099381652,226.62536810475493,230.79510498046875,39620300,231.12274169921875,226.36724853515625,234.29966735839844,229.4283650716146,231.69259948730468,230.40693054199218,231.53970336914062
2025-02-06,229.62360070928509,232.11552641696264,228.76979621063217,231.53970336914062,29925300,230.79510498046875,231.12274169921875,226.36724853515625,231.15251668294272,230.82489318847655,231.35604248046874,225.98997497558594
2025-02-07,230.92416830424466,232.3140755170278,225.6226304523949,225.98997497558594,39707200,231.53970336914062,230.79510498046875,231.12274169921875,229.44159444173178,229.16295471191407,231.837548828125,226.25831604003906
2025-02-10,228.16659197494192,229.18034555631772,225.81107002878403,226.25831604003906,33115600,225.98997497558594,231.53970336914062,230.79510498046875,227.92933146158853,229.14116821289062,231.6429870605469,231.19793701171875
2025-02-11,226.8049592810601,233.7919821040532,226.7353950927951,231.19793701171875,53718400,226.25831604003906,225.98997497558594,231.53970336914062,227.8154093424479,229.1562072753906,231.10843963623046,235.42196655273438
2025-02-12,229.78663009476247,235.51142789245534,229.26980470124647,235.42196655273438,45243300,231.19793701171875,226.25831604003906,225.98997497558594,230.95940653483072,230.08157958984376,230.88708953857423,240.05348205566406
2025-02-13,235.4617298072221,240.85852795215618,234.1299251101732,240.05348205566406,53614100,235.42196655273438,231.19793701171875,226.25831604003906,235.55779520670572,231.78433532714843,231.3046142578125,243.104736328125
2025-02-14,239.77520922194773,244.0489258287467,239.5168040933544,243.104736328125,40896200,240.05348205566406,235.42196655273438,231.19793701171875,239.52672831217447,235.20728759765626,232.18512115478515,242.97552490234375
2025-02-18,242.65747382373942,243.6811760890431,240.3615975750387,242.97552490234375,48822500,243.104736328125,240.05348205566406,235.42196655273438,242.0445810953776,238.55072937011718,233.8459487915039,243.37306213378906
2025-02-19,243.16435439309654,244.50609250836237,241.6735241546838,243.37306213378906,32204200,242.97552490234375,243.104736328125,240.05348205566406,243.15110778808594,240.98575439453126,235.07098083496095,244.32717895507812
2025-02-20,243.44262036367402,245.2713683243621,242.79658488378954,244.32717895507812,32316900,243.37306213378906,242.97552490234375,243.104736328125,243.55858866373697,242.766796875,236.42418823242187,244.0489044189453
2025-02-21,244.44645306890683,247.1697083342209,243.72091995824803,244.0489044189453,53197400,244.32717895507812,243.37306213378906,242.97552490234375,243.9163818359375,243.56588134765624,237.67510833740235,245.5894317626953
2025-02-24,243.43268408373555,247.33866705271078,242.92580728065096,245.5894317626953,51326400,244.0489044189453,244.32717895507812,243.37306213378906,244.6551717122396,244.0628204345703,239.6350540161133,245.52981567382812
2025-02-25,246.48395378064242,248.47172760145406,243.41284686721102,245.52981567382812,48013300,245.5894317626953,244.0489044189453,244.32717895507812,245.0560506184896,244.57367858886718,241.56220397949218,238.89064025878906
2025-02-26,242.83637220684057,243.48239258336395,237.66816369812489,238.89064025878906,44433600,245.52981567382812,245.5894317626953,244.0489044189453,243.33662923177084,243.67719421386718,242.33147430419922,235.84934997558594
2025-02-27,237.94645181292123,240.9778097055873,235.61081167459415,235.84934997558594,41153600,238.89064025878906,245.52981567382812,245.5894317626953,240.08993530273438,241.98162841796875,242.37421264648438,240.36158752441406
2025-02-28,235.5014815283524,240.61005923211764,228.7927454203557,240.36158752441406,56833400,235.84934997558594,238.89064025878906,245.52981567382812,238.36719258626303,241.2441650390625,242.40502319335937,236.5748748779297
2025-03-03,240.31188380351972,242.5381957053339,234.66661403302143,236.5748748779297,47184000,240.36158752441406,235.84934997558594,238.89064025878906,237.59527079264322,239.44125366210938,241.75203704833984,234.4877166748047
2025-03-04,236.25684921580154,238.60242278275774,233.24535811530478,234.4877166748047,53798100,236.5748748779297,240.36158752441406,235.84934997558594,237.14139302571616,237.2328338623047,240.90325622558595,234.2988739013672
2025-03-05,233.98082285378285,235.1039197629907,227.82866128733946,234.2988739013672,47227600,234.4877166748047,236.5748748779297,240.36158752441406,235.12048848470053,236.31448059082032,239.99583740234374,233.8914031982422
2025-03-06,233.00684447444675,236.4059358119138,231.73467047090975,233.8914031982422,45170400,234.2988739013672,234.4877166748047,236.5748748779297,234.2259979248047,235.92289123535156,238.95225982666017,237.6085205078125
2025-03-07,233.67272217403436,239.8944479764648,233.3248557337566,237.6085205078125,46273600,233.8914031982422,234.2988739013672,234.4877166748047,235.26626586914062,235.37227783203124,238.30822143554687,226.08937072753906
2025-03-10,234.10009611136832,234.71631625547707,222.84930513729455,226.08937072753906,72071200,237.6085205078125,233.8914031982422,234.2988739013672,232.5297648111979,233.27517700195312,236.35821533203125,219.48995971679688
2025-03-11,222.4418047589131,224.4593937721428,216.1206840338927,219.48995971679688,76137400,226.08937072753906,237.6085205078125,233.8914031982422,227.72928365071616,230.27562561035157,233.7542297363281,215.653564453125
2025-03-12,218.7942505386503,220.39440897367027,213.5962265598192,215.653564453125,62547500,219.48995971679688,226.08937072753906,237.6085205078125,220.4109649658203,226.54656372070312,231.4305221557617,208.398193359375
2025-03-13,214.62986833256545,215.51442704761877,207.14590135231947,208.398193359375,61368300,215.653564453125,219.48995971679688,226.08937072753906,214.51390584309897,221.4479217529297,228.68540649414064,212.1848907470703
2025-03-14,209.95857893569573,212.64207016591416,208.29878985935505,212.1848907470703,60107600,208.398193359375,215.653564453125,219.48995971679688,212.0788828531901,216.36319580078126,225.86773681640625,212.6917724609375
2025-03-17,212.00598815128762,213.904315554563,208.6864099217596,212.6917724609375,48073400,212.1848907470703,208.398193359375,215.653564453125,211.09161885579428,213.68367614746094,223.47942657470702,211.38980102539062
2025-03-18,212.85081593904235,213.83475423543342,210.19713981325924,211.38980102539062,42432400,212.6917724609375,212.1848907470703,208.398193359375,212.0888214111328,212.0636444091797,221.1696350097656,213.92422485351562
2025-03-19,212.91045595477615,217.42269587202972,212.44332789190165,213.92422485351562,54385400,211.38980102539062,212.6917724609375,212.1848907470703,212.6685994466146,211.7177764892578,219.13217010498047,212.79119873046875
2025-03-20,212.68187056105958,216.16047483161037,210.92268644075222,212.79119873046875,48862900,213.92422485351562,211.38980102539062,212.6917724609375,212.70174153645834,212.59637756347655,217.02214965820312,216.93568420410156
2025-03-21,210.26669685360034,217.5021918152461,209.9884097524224,216.93568420410156,94127800,212.79119873046875,213.92422485351562,211.38980102539062,214.5503692626953,213.54653625488282,214.95486602783203,219.38064575195312
2025-03-24,219.64899945464327,220.1260609084734,217.24379503613238,219.38064575195312,44299500,216.93568420410156,212.79119873046875,213.92422485351562,216.36917622884116,214.88431091308593,214.28399353027345,222.38217163085938
2025-03-25,219.42039321145907,222.7300380772677,218.73460889257407,222.38217163085938,34493600,219.38064575195312,216.93568420410156,212.79119873046875,219.56616719563803,217.0827850341797,214.57321472167968,220.17575073242188
2025-03-26,222.1436424317859,223.64442126802376,219.12223310716143,220.17575073242188,34466100,222.38217163085938,219.38064575195312,216.93568420410156,220.64618937174478,218.33309020996094,215.0254333496094,222.4815673828125
2025-03-27,220.03659916949772,223.61459773398053,219.21167130142226,222.4815673828125,37094800,220.17575073242188,222.38217163085938,219.38064575195312,221.6798299153646,220.2711639404297,216.43377075195312,216.5679168701172
2025-03-28,220.31487416588553,222.44179120535847,216.34926057176412,216.5679168701172,39818600,222.4815673828125,220.17575073242188,222.38217163085938,219.7417449951172,220.1976104736328,216.8720733642578,220.77207946777344
2025-03-31,215.683368745432,224.24073468961828,214.90813825561798,220.77207946777344,65299300,216.5679168701172,222.4815673828125,220.17575073242188,219.94052124023438,220.47589721679688,217.68010406494142,221.82559204101562
2025-04-01,218.46624988397502,222.31258685550372,217.56180927777046,221.82559204101562,36412700,220.77207946777344,216.5679168701172,222.4815673828125,219.72186279296875,220.3645812988281,218.72368316650392,222.5213165283203
2025-04-02,219.9670353213626,223.8133724100327,219.66886624627372,222.5213165283203,35905900,221.82559204101562,220.77207946777344,216.5679168701172,221.70632934570312,220.8336944580078,219.58339233398436,201.94786071777344
2025-04-03,204.28348559152053,206.22157697816277,200.0197179050274,201.94786071777344,103419000,222.5213165283203,221.82559204101562,220.77207946777344,215.43158976236978,216.726953125,218.49905853271486,187.22840881347656
2025-04-04,192.70471987275084,198.65810753704542,186.19475800144227,187.22840881347656,125910900,201.94786071777344,222.5213165283203,221.82559204101562,203.8991953531901,210.8590515136719,215.52833099365233,180.35072326660156
2025-04-07,176.1167553732534,192.96313526897592,173.55252535537636,180.35072326660156,160466300,187.22840881347656,201.94786071777344,222.5213165283203,189.8423309326172,202.7747802734375,211.62533874511718,171.365966796875
2025-04-08,185.55866963100107,189.17641711488596,168.175598539417,171.365966796875,120859500,180.35072326660156,187.22840881347656,201.94786071777344,179.64836629231772,192.68285522460937,206.52371826171876,197.63438415527344
2025-04-09,170.89882177160354,199.383619356675,170.8391909937331,197.63438415527344,184395900,171.365966796875,180.35072326660156,187.22840881347656,183.11702473958334,187.70546875,204.26958160400392,189.25592041015625
2025-04-10,187.9141823452429,193.58926741380884,181.88128226075605,189.25592041015625,121880000,197.63438415527344,171.365966796875,180.35072326660156,186.0854237874349,185.16708068847657,200.94701690673827,196.9386749267578
2025-04-11,184.96235041538483,198.32017705332044,184.92258644836306,196.9386749267578,87435900,189.25592041015625,197.63438415527344,171.365966796875,194.60965983072916,187.1091339111328,198.98409271240234,201.281982421875
2025-04-14,210.14745189040866,211.63828226401768,199.93029560984905,201.281982421875,101352900,196.9386749267578,189.25592041015625,197.63438415527344,195.82552591959634,191.2953857421875,197.0350830078125,200.90428161621094
2025-04-15,200.6259945192588,202.26590170954893,198.57859009217825,200.90428161621094,51343900,201.281982421875,196.9386749267578,189.25592041015625,199.70831298828125,197.2030487060547,194.94295196533204,193.0823974609375
2025-04-16,197.1473909296092,199.47308245703653,191.19400339685228,193.0823974609375,59732400,200.90428161621094,201.281982421875,196.9386749267578,198.42288716634116,196.2926513671875,191.99906005859376,195.7758026123047
2025-04-17,195.99445890478637,197.61449911758032,193.23145502579916,195.7758026123047,52164700,193.0823974609375,200.90428161621094,201.281982421875,196.58749389648438,197.59662780761718,191.38185424804686,191.9791717529297
2025-04-21,192.08849990403363,192.6152586778503,188.64964501381652,191.9791717529297,46742500,195.7758026123047,193.0823974609375,200.90428161621094,193.61245727539062,196.60472717285157,191.8569305419922,198.51895141601562
2025-04-22,194.92107095045932,200.35763286451953,194.7719939992729,198.51895141601562,52976400,191.9791717529297,195.7758026123047,193.0823974609375,195.42464192708334,196.0521209716797,193.6737533569336,203.34927368164062
2025-04-23,204.74070932932477,206.7284832063085,201.56027415925303,203.34927368164062,52929200,198.51895141601562,191.9791717529297,195.7758026123047,197.94913228352866,196.54111938476564,196.87208404541016,207.09619140625
2025-04-24,203.63746952607698,207.55338601533765,201.69939326414854,207.09619140625,47311000,203.34927368164062,198.51895141601562,191.9791717529297,202.9881388346354,199.34387817382813,197.81826477050782,208.00062561035156
2025-04-25,205.10841141990002,208.46775361357263,204.9394524859384,208.00062561035156,38222300,207.09619140625,203.34927368164062,198.51895141601562,206.14869689941406,201.7888427734375,199.69273529052734,208.85536193847656
2025-04-28,208.71621839949725,210.2070485309222,206.19175271644127,208.85536193847656,38743100,208.00062561035156,207.09619140625,203.34927368164062,207.98405965169272,205.16408081054686,200.88440399169923,209.9188232421875
2025-04-29,207.4142244323549,210.94252536243698,207.09617339881706,209.9188232421875,36827600,208.85536193847656,208.00062561035156,207.09619140625,208.92493693033853,207.44405517578124,201.74808807373046,211.20095825195312
2025-04-30,208.0205233254963,212.2743578831654,205.4065960245207,211.20095825195312,52286500,209.9188232421875,208.85536193847656,208.00062561035156,209.99171447753906,209.01439208984374,202.7777557373047,212.01596069335938
2025-05-01,207.80187477964563,213.2483707428857,207.62296725165953,212.01596069335938,57365700,211.20095825195312,209.9188232421875,208.85536193847656,211.04524739583334,209.99834594726562,204.67111206054688,204.0946502685547
2025-05-02,204.8301167579532,205.72462393265195,200.92414910817757,204.0946502685547,101010600,212.01596069335938,211.20095825195312,209.9188232421875,209.1038564046224,209.21715087890624,205.50299682617188,197.6741485595703
2025-05-05,201.85841873478097,202.85230555244996,196.99831280299983,197.6741485595703,69018500,204.0946502685547,212.01596069335938,211.20095825195312,204.59491984049478,206.980908203125,206.07249450683594,197.2964630126953
2025-05-06,196.9983091053983,199.42338015596502,195.81558138809015,197.2964630126953,51216500,197.6741485595703,204.0946502685547,212.01596069335938,199.68842061360678,204.45643615722656,205.95024566650392,195.05027770996094
2025-05-07,197.95242524507105,198.22077891807172,192.0686174137577,195.05027770996094,68536700,197.2964630126953,197.6741485595703,204.0946502685547,196.6736297607422,201.22630004882814,205.12034606933594,196.28271484375
2025-05-08,196.51130456752412,198.82706269335065,193.48988012199126,196.28271484375,50478900,195.05027770996094,197.2964630126953,197.6741485595703,196.2098185221354,198.07965087890625,204.03899841308595,197.3163604736328
2025-05-09,197.78348851905432,199.3140676367793,196.33240700583877,197.3163604736328,36453900,196.28271484375,195.05027770996094,197.2964630126953,196.2164510091146,196.72399291992187,202.97057189941407,209.776123046875
2025-05-12,209.95526516858178,210.2538252478288,205.75556156059073,209.776123046875,63775800,197.3163604736328,196.28271484375,195.05027770996094,201.12506612141928,199.1443878173828,203.0626480102539,211.90582275390625
2025-05-13,209.41784747983854,212.37356332026266,207.99473291206186,211.90582275390625,51909300,209.776123046875,197.3163604736328,196.28271484375,206.33276875813803,202.066259765625,203.26134796142577,211.30873107910156
2025-05-14,211.40824098508043,212.91098786371114,209.56714827780408,211.30873107910156,49325800,211.90582275390625,209.776123046875,197.3163604736328,210.99689229329428,205.3179504394531,203.27212524414062,210.43295288085938
2025-05-15,209.93535780893234,211.93569971673273,208.53213606160298,210.43295288085938,45029500,211.30873107910156,211.90582275390625,209.776123046875,211.21583557128906,208.147998046875,203.11382446289062,210.24386596679688
2025-05-16,211.33858120774948,211.54757782116647,208.7610423595207,210.24386596679688,54737900,210.43295288085938,211.30873107910156,211.90582275390625,210.66184997558594,210.7334991455078,203.72874603271484,207.77581787109375
2025-05-19,206.9100072183761,208.47244800462508,203.27755371752323,207.77581787109375,46140500,210.24386596679688,210.43295288085938,211.30873107910156,209.48421223958334,210.33343811035155,204.7389129638672,205.8650360107422
2025-05-20,206.67113760639387,207.46729276724128,204.04383620537516,205.8650360107422,42496600,207.77581787109375,210.24386596679688,210.43295288085938,207.9615732828776,209.12528076171876,205.59577026367188,201.11798095703125
2025-05-21,204.1831685508297,206.04416933851562,199.74462882701684,201.11798095703125,59211800,205.8650360107422,207.77581787109375,210.24386596679688,204.91961161295572,207.08713073730468,206.2025405883789,200.3914794921875
2025-05-22,199.74461200022,201.77479312617928,198.73946027881726,200.3914794921875,46742400,201.11798095703125,205.8650360107422,207.77581787109375,202.45816548665366,205.0788360595703,206.61341705322266,194.33078002929688
2025-05-23,192.73846975457602,196.74908474491085,192.52948833207407,194.33078002929688,78432900,200.3914794921875,201.11798095703125,205.8650360107422,198.61341349283853,201.8962188720703,206.31485900878906,199.2470245361328
2025-05-27,197.34620772495165,199.77447409530296,196.48038197740732,199.2470245361328,56288500,194.33078002929688,200.3914794921875,201.11798095703125,197.98976135253906,200.19046020507812,205.26194915771484,199.45602416992188
2025-05-28,199.6252046868552,201.75491117265972,198.93852099816252,199.45602416992188,45339700,199.2470245361328,194.33078002929688,200.3914794921875,197.67794291178384,198.90865783691407,204.0169692993164,198.98825073242188
2025-05-29,202.60079553265004,202.8296849960031,197.55517460719432,198.98825073242188,51396800,199.45602416992188,199.2470245361328,194.33078002929688,199.23043314615884,198.4827117919922,202.78492126464843,199.8839569091797
2025-05-30,198.41106448584634,200.98861863398105,195.8335255231089,199.8839569091797,70819900,198.98825073242188,199.45602416992188,199.2470245361328,199.44274393717447,198.38120727539064,201.73002166748046,200.72987365722656
2025-06-02,199.31670530145792,201.15781336810346,199.1574712143689,200.72987365722656,35423300,199.8839569091797,198.98825073242188,199.45602416992188,199.86736043294272,199.66102600097656,200.77862243652345,202.29229736328125
2025-06-03,200.38153417950807,202.78989241693247,199.99341064507593,202.29229736328125,46381600,200.72987365722656,199.8839569091797,198.98825073242188,200.96870930989584,200.27008056640625,200.2302703857422,201.844482421875
2025-06-04,201.93404589483336,205.24803106286797,201.12794426741362,201.844482421875,43604000,202.29229736328125,200.72987365722656,199.8839569091797,201.6222178141276,200.74777221679688,199.82821502685547,199.6649932861328
2025-06-05,202.521183994692,203.765171611367,199.1872911078447,199.6649932861328,55126100,201.844482421875,202.29229736328125,200.72987365722656,201.2672576904297,200.88312072753905,199.68291625976562,202.93917846679688
2025-06-06,202.0236053289331,204.7106157617459,201.07817770068002,202.93917846679688,46607700,199.6649932861328,201.844482421875,202.29229736328125,201.4828847249349,201.4941650390625,199.93768615722655,200.48104858398438
2025-06-09,203.4069099948636,205.0091667110405,199.05793398755327,200.48104858398438,72862600,202.93917846679688,199.6649932861328,201.844482421875,201.02840677897134,201.44440002441405,200.5527130126953,201.69517517089844
2025-06-10,199.63513956616538,203.36710243054736,199.60528507808198,201.69517517089844,54672600,200.48104858398438,202.93917846679688,199.6649932861328,201.70513407389322,201.3249755859375,200.7975280761719,197.8238983154297
2025-06-11,202.5211970741936,203.51638723180633,197.45568281643992,197.8238983154297,60989900,201.69517517089844,200.48104858398438,202.93917846679688,200.00004069010416,200.52085876464844,200.63431549072266,198.2418670654297
2025-06-12,198.12244911144163,198.71955406677787,196.410720905765,198.2418670654297,43904600,197.8238983154297,201.69517517089844,200.48104858398438,199.25364685058594,200.23623352050782,200.55967712402344,195.50511169433594
2025-06-13,198.769334334526,199.40625545491926,194.7587190445596,195.50511169433594,51447300,198.2418670654297,197.8238983154297,201.69517517089844,197.19029235839844,198.74942016601562,200.12179260253907,197.4656219482422
2025-06-16,196.35101387226533,197.73432753277095,195.61456771612566,197.4656219482422,43020700,195.50511169433594,198.2418670654297,197.8238983154297,197.07086690266928,198.14633483886718,199.7953674316406,194.69898986816406
2025-06-17,196.2514839890114,197.43576263348734,194.27106541566712,194.69898986816406,38856200,197.4656219482422,195.50511169433594,198.2418670654297,195.88990783691406,196.74709777832032,199.0360366821289,195.6344757080078
2025-06-18,194.9975546383106,196.6197193940347,194.13174409281177,195.6344757080078,45394700,194.69898986816406,197.4656219482422,195.50511169433594,195.9330291748047,196.30921325683593,198.4150360107422,200.03321838378906
2025-06-20,197.28649906078425,200.72984844555882,195.9131318065836,200.03321838378906,96813500,195.6344757080078,194.69898986816406,197.4656219482422,196.7888946533203,196.6674835205078,198.4518585205078,200.53082275390625
2025-06-23,200.6602023375907,201.3269779408771,198.00304635957568,200.53082275390625,55814300,200.03321838378906,195.6344757080078,194.69898986816406,198.73283894856772,197.67262573242186,198.21102294921874,199.3365936279297
2025-06-24,201.61557243039425,202.46149014710028,199.23706853700068,199.3365936279297,54064000,200.53082275390625,200.03321838378906,195.6344757080078,199.96687825520834,198.04682006835938,198.0965774536133,200.5905303955078
2025-06-25,200.48105886821313,202.690382284235,199.65504919597097,200.5905303955078,39525700,199.3365936279297,200.53082275390625,200.03321838378906,200.15264892578125,199.22512817382812,197.98611297607422,200.03321838378906
2025-06-26,200.4611428555203,201.66532960796235,198.50063224789568,200.03321838378906,50799100,200.5905303955078,199.3365936279297,200.53082275390625,199.98678080240884,200.10487670898436,198.20704498291016,200.1128387451172
2025-06-27,200.91894034324127,202.24254507531293,199.03803155248616,200.1128387451172,73188600,200.03321838378906,200.5905303955078,199.3365936279297,200.2455291748047,200.12080078125,198.3941421508789,204.1831512451172
2025-06-30,201.03834688076608,206.39247448465787,198.30157410241034,204.1831512451172,91912800,200.1128387451172,200.03321838378906,200.5905303955078,201.4430694580078,200.85126647949218,199.26194610595704,206.82041931152344
2025-07-01,205.6759415551798,209.17901505124104,205.1484920031366,206.82041931152344,78788900,204.1831512451172,200.1128387451172,200.03321838378906,203.7054697672526,202.34803161621093,200.19742584228516,211.418212890625
2025-07-02,207.90519262679368,212.31387801499196,207.13889190503232,211.418212890625,67941800,206.82041931152344,204.1831512451172,200.1128387451172,207.47392781575522,204.51356811523436,201.86934814453124,212.52285766601562
2025-07-03,211.12958235725722,213.61755770997246,210.7912213537831,212.52285766601562,34955800,211.418212890625,206.82041931152344,204.1831512451172,210.2538299560547,207.0114959716797,203.55818634033204,208.940185546875
2025-07-07,211.65705062020388,215.18997897032483,207.7957228576545,208.940185546875,50229000,212.52285766601562,211.418212890625,206.82041931152344,210.96041870117188,208.77696533203124,204.44888305664062,208.99989318847656
2025-07-08,209.08947184941582,210.41306148236814,207.44739887083225,208.99989318847656,42848900,208.940185546875,212.52285766601562,211.418212890625,210.15431213378906,209.7403137207031,205.29579010009766,210.12445068359375
2025-07-09,208.52219391164948,210.31353924447487,206.22330706177223,210.12445068359375,48749400,208.99989318847656,208.940185546875,212.52285766601562,209.35484313964844,210.4011199951172,206.37457580566405,211.3883514404297
2025-07-10,209.49748097232364,212.45319704499605,209.0197939340788,211.3883514404297,44443600,210.12445068359375,208.99989318847656,208.940185546875,210.1708984375,210.39514770507813,207.45435791015626,210.1443634033203
2025-07-11,209.55720483784353,211.10969909895366,208.8506131239295,210.1443634033203,39765800,211.3883514404297,210.12445068359375,208.99989318847656,210.5523885091146,209.91944885253906,208.46547241210936,207.61656188964844
2025-07-14,208.92025854176603,209.89555581124029,206.54175471753558,207.61656188964844,38840100,210.1443634033203,211.3883514404297,210.12445068359375,209.71642557779947,209.65472412109375,209.2158447265625,208.10421752929688
2025-07-15,208.21368905566166,210.87084499335577,207.9151289669034,208.10421752929688,42296300,207.61656188964844,210.1443634033203,211.3883514404297,208.62171427408853,209.4755889892578,209.60795135498046,209.14915466308594
2025-07-16,209.28848066940537,211.37837076419683,207.63646146204943,209.14915466308594,47490500,208.10421752929688,207.61656188964844,210.1443634033203,208.28997802734375,209.28052978515626,209.84082489013673,209.0098419189453
2025-07-17,209.5571995447156,210.78127919114968,208.58190225319882,209.0098419189453,48068100,209.14915466308594,208.10421752929688,207.61656188964844,208.75440470377603,208.80482788085936,209.59998779296876,210.1642608642578
2025-07-18,209.85575432940058,210.77132749863404,208.6913836081342,210.1642608642578,48974600,209.0098419189453,209.14915466308594,208.10421752929688,209.4410858154297,208.80880737304688,209.36412811279297,211.45799255371094
2025-07-21,211.07983063398711,214.74212298846783,210.61209006251647,211.45799255371094,51377400,210.1642608642578,209.0098419189453,209.14915466308594,210.21069844563803,209.57709350585938,209.61590881347655,213.36875915527344
2025-07-22,212.1148250502387,213.91611676733493,211.20919838168209,213.36875915527344,46404100,211.45799255371094,210.1642608642578,209.0098419189453,211.6636708577474,210.6300018310547,210.05279541015625,213.11997985839844
2025-07-23,213.96589762082587,214.11517007989065,211.38835859165647,213.11997985839844,46989300,213.36875915527344,211.45799255371094,210.1642608642578,212.64891052246094,211.42416687011718,210.35234832763672,212.73184204101562
2025-07-24,212.87116805528336,214.65256693634578,212.50295255730364,212.73184204101562,46022600,213.11997985839844,213.36875915527344,211.45799255371094,213.07352701822916,212.16856689453124,210.4866973876953,212.8512725830078
2025-07-25,213.6673206036272,214.2047317845148,212.37357038101962,212.8512725830078,40268800,212.73184204101562,213.11997985839844,213.36875915527344,212.90103149414062,212.70596923828126,210.75738830566405,213.0204620361328
2025-07-28,213.00055398053098,213.81661722083774,212.03521828670327,213.0204620361328,37858000,212.8512725830078,212.73184204101562,213.11997985839844,212.86785888671875,213.01846313476562,211.2977783203125,210.25384521484375
2025-07-29,213.14983725799084,213.77681196541135,209.80601264614248,210.25384521484375,51411700,213.0204620361328,212.8512725830078,212.73184204101562,212.04185994466147,212.39548034667968,211.5127410888672,208.0445098876953
2025-07-30,210.88079278566187,211.36844143995228,206.72090512781878,208.0445098876953,45512500,210.25384521484375,213.0204620361328,212.8512725830078,210.43960571289062,211.38038635253906,211.40227661132812,206.57162475585938
2025-07-31,207.48719786288635,208.83069544134486,206.16359315375274,206.57162475585938,80698400,208.0445098876953,210.25384521484375,213.0204620361328,208.2899932861328,210.14834289550782,211.15845489501953,201.40660095214844
2025-08-01,209.8557561748323,212.5527283441607,200.530828701964,201.40660095214844,104434500,206.57162475585938,208.0445098876953,210.25384521484375,205.34091186523438,207.85940856933593,210.2826889038086,202.37191772460938
2025-08-04,203.5263267271778,206.88012777005082,200.70993685491413,202.37191772460938,75109300,201.40660095214844,206.57162475585938,208.0445098876953,203.4500478108724,205.72969970703124,209.37408142089845,201.9439697265625
2025-08-05,202.42165671427045,204.35232790405936,201.18763073057525,201.9439697265625,44155100,202.37191772460938,201.40660095214844,206.57162475585938,201.9074961344401,204.067724609375,208.23160247802736,212.2243194580078
2025-08-06,204.64097466073486,214.34407953630614,204.60115854716602,212.2243194580078,108483100,201.9439697265625,202.37191772460938,201.40660095214844,205.5134023030599,204.9036865234375,208.14203643798828,218.97169494628906
2025-08-07,217.82723230897543,219.78775818606874,215.53829184895108,218.97169494628906,90224800,212.2243194580078,201.9439697265625,202.37191772460938,211.04666137695312,207.38370056152343,208.76602172851562,228.24688720703125
2025-08-08,219.76786212559261,229.88894502591432,218.19545972697713,228.24688720703125,113854000,218.97169494628906,212.2243194580078,201.9439697265625,219.81430053710938,212.7517578125,210.30558319091796,226.34388732910156
2025-08-11,227.08116933177635,228.71513292468896,223.9327956372812,226.34388732910156,61806100,228.24688720703125,218.97169494628906,212.2243194580078,224.52082316080728,217.54615173339843,211.63792572021484,228.80479431152344
2025-08-12,227.17083074525974,229.95057099439725,226.23430307406312,228.80479431152344,55626200,226.34388732910156,228.24688720703125,218.97169494628906,227.79852294921875,222.91831665039064,213.4930206298828,232.47125244140625
2025-08-13,230.2195756343437,234.1351043372746,229.58191650034667,232.47125244140625,69878500,228.80479431152344,226.34388732910156,228.24688720703125,229.2066446940104,226.96770324707032,215.9356948852539,231.92327880859375
2025-08-14,233.1985666998313,234.25466305951576,230.0003892485326,231.92327880859375,51916300,232.47125244140625,228.80479431152344,226.34388732910156,231.06644185384116,229.55802001953126,218.47086029052736,230.73765563964844
2025-08-15,233.1387895567921,233.417757832359,228.49593650929467,230.73765563964844,56038700,231.92327880859375,232.47125244140625,228.80479431152344,231.71072896321616,230.0561737060547,221.40396575927736,230.0402374267578
2025-08-18,230.8472538899505,232.26202593201924,229.26310933608104,230.0402374267578,37476200,230.73765563964844,231.92327880859375,232.47125244140625,230.900390625,230.79544372558593,224.1707977294922,229.71145629882812
2025-08-19,230.42880766374827,232.0129522601839,228.50591803460907,229.71145629882812,39402600,230.0402374267578,230.73765563964844,231.92327880859375,230.16311645507812,230.97677612304688,226.94754638671876,225.1781768798828
2025-08-20,229.1335667246527,229.6217687789582,224.93906991665554,225.1781768798828,42263900,229.71145629882812,230.0402374267578,230.73765563964844,228.3099568684896,229.51816101074218,228.24293212890626,224.072265625
2025-08-21,225.43723377620466,225.6863136691638,222.95639256938466,224.072265625,30621200,225.1781768798828,229.71145629882812,230.0402374267578,226.3206329345703,227.94795837402344,228.75298919677735,226.9217529296875
2025-08-22,225.33760837029214,228.2468598588307,224.58041092619504,226.9217529296875,42477800,224.072265625,225.1781768798828,229.71145629882812,225.39073181152344,227.18477783203124,228.62047576904297,226.32395935058594
2025-08-25,225.64645413109014,228.45608264282492,225.3973742361901,226.32395935058594,30983100,226.9217529296875,224.072265625,225.1781768798828,225.7726593017578,226.44152221679687,228.6184829711914,228.46604919433594
2025-08-26,226.03502689374838,228.6453946309622,223.86305742355088,228.46604919433594,54575100,226.32395935058594,226.9217529296875,224.072265625,227.23725382486978,226.19244079589845,228.58460845947266,229.6417236328125
2025-08-27,227.7686378094015,230.05020313892598,227.41991984776428,229.6417236328125,31259500,228.46604919433594,226.32395935058594,226.9217529296875,228.14391072591147,227.08515014648438,228.3016555786133,231.70408630371094
2025-08-28,229.9704999102399,232.55096405412047,228.4959359400532,231.70408630371094,38074700,229.6417236328125,228.46604919433594,226.32395935058594,229.93728637695312,228.61151428222655,228.279736328125,231.28564453125
2025-08-29,231.65427793943954,232.5210863786817,230.51847413874466,231.28564453125,39418400,231.70408630371094,229.6417236328125,228.46604919433594,230.8771514892578,229.48429260253906,228.33453521728515,228.87454223632812
2025-09-02,228.4062708029861,230.00038826150748,226.1346633063032,228.87454223632812,44075600,231.28564453125,231.70408630371094,229.6417236328125,230.62142435709634,229.9944091796875,228.21796569824218,237.5923309326172
2025-09-03,236.33697373754433,237.9709372370204,233.49745685978084,237.5923309326172,66427800,228.87454223632812,231.28564453125,231.70408630371094,232.58417256673178,231.81966552734374,229.00605316162108,238.8975067138672
2025-09-04,237.57239985348932,239.0170601981439,235.8687018920251,238.8975067138672,47549400,237.5923309326172,228.87454223632812,231.28564453125,235.1214599609375,233.6708221435547,230.37798614501952,238.807861328125
2025-09-05,239.1167179897741,240.43186723598095,237.61228077870243,238.807861328125,54870400,238.8975067138672,237.5923309326172,228.87454223632812,238.43256632486978,235.0915771484375,231.85154571533204,237.0045166015625
2025-09-08,238.41928864081726,239.2661511981365,235.47017586985078,237.0045166015625,48999500,238.807861328125,238.8975067138672,237.5923309326172,238.23662821451822,236.2353515625,232.85982208251954,233.48751831054688
2025-09-09,236.12775932745953,237.90120710535396,232.5011563745861,233.48751831054688,66313900,237.0045166015625,238.807861328125,238.8975067138672,236.43329874674478,237.15794677734374,233.57617797851563,225.955322265625
2025-09-10,231.33545739080094,231.56460664903227,225.118417424808,225.955322265625,83440800,233.48751831054688,237.0045166015625,238.807861328125,232.14911905924478,234.8305450439453,233.32510528564453,229.18341064453125
2025-09-11,226.04500979013486,229.60186307827533,225.81584532196928,229.18341064453125,50208600,225.955322265625,233.48751831054688,237.0045166015625,229.54208374023438,232.88772583007812,233.2792739868164,233.2085418701172
2025-09-12,228.37638560886936,233.6469097348115,228.17712472443904,233.2085418701172,55824200,229.18341064453125,225.955322265625,233.48751831054688,229.44909159342447,231.76786193847656,233.42971954345703,235.82884216308594
2025-09-15,236.1277410783948,237.31336381412066,234.16499028444412,235.82884216308594,42699500,233.2085418701172,229.18341064453125,225.955322265625,232.74026489257812,231.53272705078126,233.88403930664063,237.2735137939453
2025-09-16,236.30708253667353,240.33222235518573,235.45026224943368,237.2735137939453,63421100,235.82884216308594,233.2085418701172,229.18341064453125,235.4369659423828,232.28992614746093,234.72393646240235,238.1104278564453
2025-09-17,238.09049720761,239.21634322602875,236.85505542454314,238.1104278564453,46508000,237.2735137939453,235.82884216308594,233.2085418701172,237.07092793782553,234.720947265625,234.77574615478517,237.0045166015625
2025-09-18,239.08682096339746,240.31228984200703,235.77903252032195,237.0045166015625,44249600,238.1104278564453,237.2735137939453,235.82884216308594,237.46281941731772,236.28516845703126,234.5864471435547,244.59646606445312
2025-09-19,240.34217704154452,245.3935247988757,239.32594197772087,244.59646606445312,163741300,237.0045166015625,238.1104278564453,237.2735137939453,239.90380350748697,238.56275329589843,235.1653076171875,255.13751220703125
2025-09-22,247.38616206443075,255.69547916115815,247.2068166293636,255.13751220703125,105517400,244.59646606445312,237.0045166015625,238.1104278564453,245.57949829101562,242.4244873046875,236.97860717773438,253.49359130859375
2025-09-23,254.9382669065294,256.3928850249964,252.64672876089196,253.49359130859375,60275200,255.13751220703125,244.59646606445312,237.0045166015625,251.07585652669272,245.6685028076172,238.97921447753907,251.38140869140625
2025-09-24,254.2807025242173,254.79879299943292,250.11607847800005,251.38140869140625,42303700,253.49359130859375,255.13751220703125,244.59646606445312,253.3375040690104,248.32269897460938,241.52182312011718,255.92462158203125
2025-09-25,252.27810324622078,256.22353571779615,250.7836237831838,255.92462158203125,55202100,251.38140869140625,253.49359130859375,255.13751220703125,253.5998738606771,252.10671997070312,244.1959442138672,254.5198211669922
2025-09-26,253.1648258525147,256.65194458214916,252.84599627139946,254.5198211669922,46076300,255.92462158203125,251.38140869140625,253.49359130859375,253.94195048014322,254.09139099121094,246.3270721435547,253.49359130859375
2025-09-29,253.62311772285494,254.06150078407975,252.07881928540593,253.49359130859375,40127700,254.5198211669922,255.92462158203125,251.38140869140625,254.64601135253906,253.76260681152343,248.09354705810546,253.69288635253906
2025-09-30,253.92203562343897,254.9781320575181,252.17847617402816,253.69288635253906,37704300,253.49359130859375,254.5198211669922,255.92462158203125,253.902099609375,253.8024658203125,249.73548431396483,254.5098419189453
2025-10-01,254.10134722927504,257.83756097799323,253.9917514638179,254.5098419189453,48713900,253.69288635253906,253.49359130859375,254.5198211669922,253.89877319335938,254.42815246582032,251.37542572021485,256.18365478515625
2025-10-02,255.63566078088252,257.229778167004,253.21461153357077,256.18365478515625,42630200,254.5098419189453,253.69288635253906,253.49359130859375,254.79546101888022,254.4799591064453,253.29333953857423,257.07037353515625
2025-10-03,253.73271197999827,258.2858846694617,253.01536064819075,257.07037353515625,49155600,256.18365478515625,254.5098419189453,253.69288635253906,255.9212900797526,254.9900695800781,254.54073028564454,255.74530029296875
2025-10-06,257.0405037108186,258.1165459888059,254.11133663097664,255.74530029296875,44664100,257.07037353515625,256.18365478515625,254.5098419189453,256.33310953776044,255.44041137695314,254.60150909423828,255.5360870361328
2025-10-07,255.86485915808862,256.4526841311554,254.48993311029045,255.5360870361328,31955800,255.74530029296875,257.07037353515625,256.18365478515625,256.11725362141925,255.80905151367188,254.80575866699218,257.1102294921875
2025-10-08,255.5758888188916,257.56852798749276,255.16739414069707,257.1102294921875,36496900,255.5360870361328,255.74530029296875,257.07037353515625,256.1305389404297,256.3291290283203,255.3786407470703,253.1050262451172
2025-10-09,256.8611554198282,257.0504585775582,252.2083446799687,253.1050262451172,38322000,257.1102294921875,255.5360870361328,255.74530029296875,255.25044759114584,255.7134033203125,255.0966812133789,244.36732482910156
2025-10-10,254.0017340209507,255.43643674947074,243.10199461677743,244.36732482910156,61999100,253.1050262451172,257.1102294921875,255.5360870361328,251.52752685546875,253.17279357910155,254.08143157958983,246.74851989746094
2025-10-13,248.46219085423505,248.7710475029622,244.6562426215344,246.74851989746094,38142900,244.36732482910156,253.1050262451172,257.1102294921875,248.07362365722656,251.3734375,253.40692443847655,246.8581085205078
2025-10-14,245.69241642712313,247.93413549962378,243.79940008876653,246.8581085205078,35478000,246.74851989746094,244.36732482910156,253.1050262451172,245.99131774902344,249.637841796875,252.72344665527345,248.42233276367188
2025-10-15,248.57178982967116,250.89321639065437,246.559219921403,248.42233276367188,33893600,246.8581085205078,246.74851989746094,244.36732482910156,247.34298706054688,247.90026245117187,252.11469573974608,246.53929138183594
2025-10-16,247.33635013275978,248.1234359576197,244.22783772705108,246.53929138183594,39777000,248.42233276367188,246.8581085205078,246.74851989746094,247.27324422200522,246.5871154785156,251.15025939941407,251.36148071289062
2025-10-17,247.1072067041429,252.4474806979352,246.3599669580113,251.36148071289062,49147000,246.53929138183594,248.42233276367188,246.8581085205078,248.7743682861328,247.98594665527344,250.5793701171875,261.27484130859375
2025-10-20,254.94822099113512,263.4069798400544,254.68918336894043,261.27484130859375,90483000,251.36148071289062,246.53929138183594,248.42233276367188,253.05853780110678,250.8912109375,251.13232421875,261.8028869628906
2025-10-21,260.9161783410852,264.3136317818121,260.86634411857244,261.8028869628906,46695900,261.27484130859375,251.36148071289062,246.53929138183594,258.1464029947917,253.88016662597656,251.75900421142578,257.49884033203125
2025-10-22,261.68336485657886,261.882640960004,254.48993535873984,257.49884033203125,45015300,261.8028869628906,261.27484130859375,251.36148071289062,260.1921895345052,255.69546813964843,251.79786529541016,258.6246337890625
2025-10-23,258.98332466328685,259.6608147081683,257.0604350924048,258.6246337890625,32754900,257.49884033203125,261.8028869628906,261.27484130859375,259.3087870279948,258.11253662109374,252.34982604980468,261.85272216796875
2025-10-24,260.2287163700197,263.15789839957887,258.22610426270086,261.85272216796875,38253700,258.6246337890625,257.49884033203125,261.8028869628906,259.3253987630208,260.2107849121094,254.0983657836914,267.8206787109375
2025-10-27,263.90514984178776,268.1295353654346,263.67598537979285,267.8206787109375,44888200,261.85272216796875,258.6246337890625,257.49884033203125,262.76601155598956,261.51995239257815,256.20558166503906,268.00994873046875
2025-10-28,267.9999758056659,268.896687690681,267.16307106420925,268.00994873046875,41534800,267.8206787109375,261.85272216796875,258.6246337890625,265.8944498697917,262.76136474609376,258.32076568603514,268.7073974609375
2025-10-29,268.28892986747474,270.4110953948544,266.1269030442272,268.7073974609375,51086700,268.00994873046875,267.8206787109375,261.85272216796875,268.17934163411456,265.003076171875,260.3492721557617,270.4011535644531
2025-10-30,270.98897852374654,273.131090148023,267.49191714200913,270.4011535644531,69886500,268.7073974609375,268.00994873046875,267.8206787109375,269.0394999186198,267.35838012695314,262.73545837402344,269.37493896484375
2025-10-31,275.9705701844509,276.29937269597025,268.16940070155243,269.37493896484375,86167100,270.4011535644531,268.7073974609375,268.00994873046875,269.49449666341144,268.8628234863281,264.53680419921875,268.0597839355469
2025-11-03,269.42476736726525,269.8531775103368,265.2701011373342,268.0597839355469,50194600,269.37493896484375,270.4011535644531,268.7073974609375,269.27862548828125,268.91064453125,265.2152984619141,269.0461730957031
2025-11-04,267.3424445625432,270.49081837885313,266.6350661079627,269.0461730957031,49274800,268.0597839355469,269.37493896484375,270.4011535644531,268.82696533203125,269.1178894042969,265.9396270751953,269.14581298828125
2025-11-05,267.6214146886098,270.7000692568828,265.94760492323326,269.14581298828125,43683100,269.0461730957031,268.0597839355469,269.37493896484375,268.75059000651044,269.2055725097656,267.1043243408203,268.7771301269531
2025-11-06,266.90407480138714,272.3937751745226,266.90407480138714,268.7771301269531,51204000,269.14581298828125,269.0461730957031,268.0597839355469,268.9897054036458,268.8807678222656,268.11957397460935,267.4819030761719
2025-11-07,268.8069946610708,271.28785094446636,265.78814772800683,267.4819030761719,48227400,268.7771301269531,269.14581298828125,269.0461730957031,268.46828206380206,268.5021606445313,268.6824920654297,268.6985778808594
2025-11-10,268.2298525605972,272.98692304032335,266.733924572705,268.6985778808594,41312400,267.4819030761719,268.7771301269531,269.14581298828125,268.31920369466144,268.6299194335937,268.77028198242186,274.5028076171875
2025-11-11,269.07757258136417,275.16101963639426,269.0675899882029,274.5028076171875,46208300,268.6985778808594,267.4819030761719,268.7771301269531,270.22776285807294,269.72124633789065,269.41956787109376,272.7276611328125
2025-11-12,274.2535066981436,274.9815360542478,270.9624767916609,272.7276611328125,48398000,274.5028076171875,268.6985778808594,267.4819030761719,271.9763488769531,270.4376159667969,269.82159423828125,272.2090759277344
2025-11-13,273.36590026791555,275.9488963676571,271.3513946141157,272.2090759277344,49602800,272.7276611328125,274.5028076171875,268.6985778808594,273.1465148925781,271.12400512695314,270.00238647460935,271.6705322265625
2025-11-14,270.31420819279356,275.21088338895913,268.8681625557137,271.6705322265625,47431300,272.2090759277344,272.7276611328125,274.5028076171875,272.2024230957031,271.96173095703125,270.23194580078126,266.7339782714844
2025-11-17,268.0903024129557,269.75575219797963,265.00869378967747,266.7339782714844,45018300,271.6705322265625,272.2090759277344,272.7276611328125,270.20452880859375,271.5688110351563,270.099365234375,266.7139892578125
2025-11-18,269.25705465795,269.97510130800674,264.59974924229334,266.7139892578125,45677300,266.7339782714844,271.6705322265625,272.2090759277344,268.3728332519531,270.01104736328125,269.86614685058595,267.83099365234375
2025-11-19,264.80921977983166,271.47107967039307,264.77930243197466,267.83099365234375,40424500,266.7139892578125,266.7339782714844,271.6705322265625,267.0929870605469,269.0317138671875,269.7346649169922,265.5272521972656
2025-11-20,270.09480618650156,274.68232536305425,265.1981613886433,265.5272521972656,45823600,267.83099365234375,266.7139892578125,266.7339782714844,266.6907450358073,267.6953491210937,269.40967712402346,270.75299072265625
2025-11-21,265.2280517805383,272.5879921198442,264.9488130991126,270.75299072265625,59030800,265.5272521972656,267.83099365234375,266.7139892578125,268.0370788574219,267.5118408203125,269.7367858886719,275.1710205078125
2025-11-24,270.164627965921,276.24807542504453,270.164627965921,275.1710205078125,65585800,270.75299072265625,265.5272521972656,267.83099365234375,270.48375447591144,269.1992492675781,270.3840301513672,276.2181701660156
2025-11-25,274.52277261748515,279.6189174225992,274.50283786370125,276.2181701660156,46914200,275.1710205078125,270.75299072265625,265.5272521972656,274.0473937988281,271.10008544921874,270.55556640625,276.79656982421875
2025-11-26,276.2081750495132,278.7712060098946,275.8790842359358,276.79656982421875,33431400,276.2181701660156,275.1710205078125,270.75299072265625,276.0619201660156,272.89320068359376,270.96245727539065,278.0930480957031
2025-11-28,276.50736791500816,278.242634823177,275.2407959413455,278.0930480957031,20135600,276.79656982421875,276.2181701660156,275.1710205078125,277.0359293619792,275.40635986328124,271.5508544921875,282.3315124511719
2025-12-01,277.2553332443013,282.65065109438723,275.3904143522869,282.3315124511719,46587700,278.0930480957031,276.79656982421875,276.2181701660156,279.07371012369794,277.72206420898436,272.61695251464846,285.4131164550781
2025-12-02,282.231773534172,286.619823290159,281.86278279875575,285.4131164550781,53669500,282.3315124511719,278.0930480957031,276.79656982421875,281.9458923339844,279.7704833984375,274.4848663330078,283.3786315917969
2025-12-03,285.4230848596457,287.8364984098337,282.5309329409685,283.3786315917969,43538700,285.4131164550781,282.3315124511719,278.0930480957031,283.70775349934894,281.20257568359375,276.1513305664063,279.9380187988281
2025-12-04,283.3287830094401,283.95707766942763,277.83373081751637,279.9380187988281,43989100,283.3786315917969,285.4131164550781,282.3315124511719,282.90992228190106,281.83086547851565,277.3620330810547,278.0232238769531
2025-12-05,279.77845592816414,280.37683325787106,277.2951945750906,278.0232238769531,47265800,279.9380187988281,283.3786315917969,285.4131164550781,280.4466247558594,281.8169006347656,278.61163024902345,277.13568115234375
2025-12-08,277.37501993231956,278.91084811822003,275.4003836933047,277.13568115234375,38211800,278.0232238769531,279.9380187988281,283.3786315917969,278.3656412760417,280.777734375,279.24989929199216,276.4275817871094
2025-12-09,277.40493251311347,279.2698514894354,276.16830825817004,276.4275817871094,32193300,277.13568115234375,278.0232238769531,279.9380187988281,277.19549560546875,278.9806274414062,279.37555541992185,278.0232238769531
2025-12-10,276.9960211276047,278.9905919368044,275.68957968235776,278.0232238769531,33038300,276.4275817871094,277.13568115234375,278.0232238769531,277.19549560546875,277.9095458984375,279.5560607910156,277.2752685546875
2025-12-11,278.34237127554803,278.8310314000742,273.0667227973629,277.2752685546875,33248000,278.0232238769531,276.4275817871094,277.13568115234375,277.2420247395833,277.3769958496094,279.6039306640625,277.52459716796875
2025-12-12,277.14562382282355,278.4620479370953,276.0685689150702,277.52459716796875,39532900,277.2752685546875,278.0232238769531,276.4275817871094,277.6076965332031,277.2772705078125,279.5470855712891,273.3658752441406
2025-12-15,279.3894873363706,279.3894873363706,272.0993337942639,273.3658752441406,50409100,277.52459716796875,277.2752685546875,278.0232238769531,276.0552469889323,276.5233093261719,278.65052185058596,273.8645324707031
2025-12-16,272.07941349564567,274.752131096348,271.0522107383373,273.8645324707031,37648600,273.3658752441406,277.52459716796875,277.2752685546875,274.9183349609375,276.0106994628906,277.49566345214845,271.1020812988281
2025-12-17,274.2634896625032,275.41036187784255,270.9026424636208,271.1020812988281,50138700,273.8645324707031,273.3658752441406,277.52459716796875,272.7774963378906,274.6264709472656,276.26800842285155,271.45111083984375
2025-12-18,272.86723904028526,272.8872042261758,266.22534517191764,271.45111083984375,51630700,271.1020812988281,273.8645324707031,273.3658752441406,272.1392415364583,273.4616394042969,275.4193176269531,272.9271545410156
2025-12-19,271.41126100078174,273.854622814086,269.1673684747946,272.9271545410156,144632000,271.45111083984375,271.1020812988281,273.8645324707031,271.8267822265625,272.5421508789062,274.9097106933594,270.23443603515625
2025-12-22,272.1192896847017,273.13654030849926,269.7756932559407,270.23443603515625,36571800,272.9271545410156,271.45111083984375,271.1020812988281,271.5375671386719,271.9158630371094,274.21958618164064,271.62066650390625
2025-12-23,270.1048034873943,271.7603010837797,268.8282792538215,271.62066650390625,29642000,270.23443603515625,272.9271545410156,271.45111083984375,271.5940856933594,271.46708984375,273.7388946533203,273.06671142578125
2025-12-24,271.60070067851706,274.6823088952694,271.46109654935304,273.06671142578125,17910600,271.62066650390625,270.23443603515625,272.9271545410156,271.64060465494794,271.8600158691406,273.2432434082031,272.6578369140625
2025-12-26,273.41578359787746,274.6224904749486,272.11929424741834,272.6578369140625,21521800,273.06671142578125,271.62066650390625,270.23443603515625,272.4484049479167,272.1013610839844,272.7815002441406,273.0168762207031
2025-12-29,271.9497734782625,273.61522314661676,271.6107000753325,273.0168762207031,23715200,272.6578369140625,273.06671142578125,271.62066650390625,272.91380818684894,272.1193054199219,272.3307281494141,272.33868408203125
2025-12-30,272.06942798009953,273.3359694836473,271.54086793463244,272.33868408203125,22139600,273.0168762207031,272.6578369140625,273.06671142578125,272.67113240559894,272.5401550292969,272.22800903320314,271.12200927734375
2025-12-31,272.3187639976345,272.9370761103812,271.0123224859311,271.12200927734375,27293600,272.33868408203125,273.0168762207031,272.6578369140625,272.15918986002606,272.4404235839844,271.95375671386716,270.27435302734375
2026-01-02,271.52095990203577,277.0857995993762,268.26979943372277,270.27435302734375,37838100,271.12200927734375,272.33868408203125,273.0168762207031,271.24501546223956,271.8819519042969,271.87098388671876,266.5345458984375
2026-01-05,269.9053759278346,270.7730094869922,265.41759095171795,266.5345458984375,45647200,270.27435302734375,271.12200927734375,272.33868408203125,269.310302734375,270.65729370117185,271.37932739257815,261.6477966308594
2026-01-06,266.27521573774703,266.82371056256306,261.40845786144683,261.6477966308594,52352100,266.5345458984375,270.27435302734375,271.12200927734375,266.15223185221356,268.38347778320315,270.2513916015625,259.6233215332031
2026-01-07,262.485556491205,262.96423405428067,259.10474402829175,259.6233215332031,48309800,261.6477966308594,266.5345458984375,270.27435302734375,262.6018880208333,265.8404052734375,269.1902801513672,258.3368225097656
2026-01-08,256.3222864925608,258.58614386359903,255.00587765735156,258.3368225097656,50419300,259.6233215332031,261.6477966308594,266.5345458984375,259.8693135579427,263.2833679199219,267.8618957519531,258.6659240722656
2026-01-09,258.3767027680543,259.5036402038468,255.52448097015204,258.6659240722656,39997000,258.3368225097656,259.6233215332031,261.6477966308594,258.87535603841144,260.96168212890626,266.42181701660155,259.54351806640625
2026-01-12,258.45648066308013,260.5906555331263,256.1028713590674,259.54351806640625,45263800,258.6659240722656,258.3368225097656,259.6233215332031,258.8487548828125,259.5634765625,265.1103851318359,260.34136962890625
2026-01-13,258.01770778709204,261.0993163539261,257.68861696081353,260.34136962890625,45730800,259.54351806640625,258.6659240722656,258.3368225097656,259.5169372558594,259.30219116210935,263.84283447265625,259.2543029785156
2026-01-14,258.78557762508564,261.1092696408236,256.0131254420647,259.2543029785156,40019400,260.34136962890625,259.54351806640625,258.6659240722656,259.7130635579427,259.2283874511719,262.5343963623047,257.5090637207031
2026-01-15,259.9424426175537,260.3313985459844,256.35220896361545,257.5090637207031,39388600,259.2543029785156,260.34136962890625,259.54351806640625,259.034912109375,259.0628356933594,261.1731018066406,254.8363494873047
2026-01-16,257.1999111311508,258.1971965798445,254.23797213114116,254.8363494873047,72142800,257.5090637207031,259.2543029785156,260.34136962890625,257.1999053955078,258.2969207763672,259.6293014526367,246.0303192138672
2026-01-20,252.04394930256512,254.09835490933511,242.75922413209136,246.0303192138672,80267500,254.8363494873047,257.5090637207031,259.2543029785156,252.79191080729166,255.5942810058594,257.57887878417966,246.9777374267578
2026-01-21,248.02489020045314,250.87712721718017,244.51444112970407,246.9777374267578,54641700,246.0303192138672,254.8363494873047,257.5090637207031,249.2814687093099,252.9215545654297,256.1118728637695,247.67584228515625
2026-01-22,248.52352576906395,250.31864258405668,247.47637302553753,247.67584228515625,39708300,246.9777374267578,246.0303192138672,254.8363494873047,246.8946329752604,250.60586242675782,254.91712493896483,247.36666870117188
2026-01-23,246.64863719927277,248.73296007338791,244.0157890837153,247.36666870117188,41689000,247.67584228515625,246.9777374267578,246.0303192138672,247.34008280436197,248.57738342285157,253.82010955810546,254.71669006347656
2026-01-26,250.7973501838168,255.86356228737432,249.121917868832,254.71669006347656,55969200,247.36666870117188,247.67584228515625,246.9777374267578,249.91973368326822,248.55345153808594,253.42518615722656,257.56890869140625
2026-01-27,258.4664899667647,261.2389423700868,257.5090739976807,257.56890869140625,49648300,254.71669006347656,247.36666870117188,247.67584228515625,253.21742248535156,250.86116943359374,253.22772521972655,255.74386596679688
2026-01-28,256.95057275810245,258.1572795494081,253.81909726521187,255.74386596679688,41288000,257.56890869140625,254.71669006347656,247.36666870117188,256.00982157389325,252.61439514160156,252.76797485351562,257.5788879394531
2026-01-29,257.29964922744847,258.94516415300217,253.7193980705993,257.5788879394531,67253000,255.74386596679688,257.56890869140625,254.71669006347656,256.96388753255206,254.59500427246093,252.60043334960938,258.7756652832031
2026-01-30,254.4773517832236,261.1890792690021,251.49546251262876,258.7756652832031,92443400,257.5788879394531,255.74386596679688,257.56890869140625,257.3661397298177,256.8768035888672,252.7270935058594,269.2770690917969
2026-02-02,259.3241487899344,269.7557466562268,258.50636737104884,269.2770690917969,73913400,258.7756652832031,257.5788879394531,255.74386596679688,261.87720743815106,259.78887939453125,254.1711654663086,268.7485046386719
2026-02-03,268.4692659190308,271.1419837262723,266.88355520832346,268.7485046386719,64394700,269.2770690917969,258.7756652832031,257.5788879394531,265.6004130045573,262.02479858398436,256.44298400878904,275.7394104003906
2026-02-04,271.55083028665655,278.19275421850585,271.55083028665655,275.7394104003906,90545700,268.7485046386719,269.2770690917969,258.7756652832031,271.25499471028644,266.02390747070314,259.3191513061523,275.1610107421875
2026-02-05,277.3749854862336,278.7412615768201,272.48829324857786,275.1610107421875,52977400,275.7394104003906,268.7485046386719,269.2770690917969,273.21630859375,269.54033203125,262.06766815185546,277.3650207519531
2026-02-06,276.3677353153735,280.14745564173626,276.1782486476445,277.3650207519531,50453400,275.1610107421875,275.7394104003906,268.7485046386719,276.08848063151044,273.258203125,265.06750335693357,274.13079833984375
2026-02-09,277.41494619870406,277.70443813431814,271.2160169672847,274.13079833984375,44623400,277.3650207519531,275.1610107421875,275.7394104003906,275.5522766113281,274.22894897460935,267.0089141845703,273.19244384765625
2026-02-10,274.40031021957236,274.87943562430115,272.4537718732244,273.19244384765625,34376900,274.13079833984375,277.3650207519531,275.1610107421875,274.8960876464844,275.11773681640625,268.57126770019534,275.00921630859375
2026-02-11,274.2106536370846,279.6808719096702,273.9610989943363,275.00921630859375,51931300,273.19244384765625,274.13079833984375,277.3650207519531,274.11081949869794,274.97169799804686,270.497802734375,261.2637939453125
2026-02-12,275.09909064411113,275.22886395053104,259.7165366668213,261.2637939453125,81077200,275.00921630859375,273.19244384765625,274.13079833984375,269.8218180338542,272.1922546386719,270.8662933349609,255.32435607910156
2026-02-13,261.5432690161623,261.7628783299504,254.9949421084194,255.32435607910156,56290700,261.2637939453125,275.00921630859375,273.19244384765625,263.86578877766925,267.78412170410155,270.52116241455076,263.4099426269531
2026-02-17,257.5903108294174,265.8156532326085,255.08478749757862,263.4099426269531,58469100,255.32435607910156,261.2637939453125,275.00921630859375,259.9993642171224,265.63995056152345,269.93444976806643,263.8791198730469
2026-02-18,263.13045584681157,266.3447212846438,261.9825104325609,263.8791198730469,34203300,263.4099426269531,255.32435607910156,261.2637939453125,260.8711395263672,263.77728576660155,269.44751129150393,260.11578369140625
2026-02-19,262.13220471573277,264.00886051677537,259.5867290635135,260.11578369140625,30845300,263.8791198730469,263.4099426269531,255.32435607910156,262.46828206380206,260.79859924316406,267.8851486206055,264.1086730957031
2026-02-20,258.50868117461044,264.2783836675007,257.7001265171608,264.1086730957031,42070500,260.11578369140625,263.8791198730469,263.4099426269531,262.70119222005206,261.36757507324216,266.77991485595703,265.705810546875
2026-02-23,263.0206001676805,268.95002088588865,262.91081074777924,265.705810546875,37308200,264.1086730957031,260.11578369140625,263.8791198730469,263.3100891113281,263.44386596679686,265.6139938354492,271.6552429199219
2026-02-24,267.38283777638213,274.4003442568012,267.233111068832,271.6552429199219,47014600,265.705810546875,264.1086730957031,260.11578369140625,267.1565755208333,265.0929260253906,265.366438293457,273.74151611328125
2026-02-25,271.29586819299504,274.45024283739696,270.567157599074,273.74151611328125,33714300,271.6552429199219,265.705810546875,264.1086730957031,270.3675231933594,267.0654052734375,265.42134552001954,272.4637756347656
2026-02-26,274.4602128097023,275.61811956353745,270.31758130113775,272.4637756347656,32345100,273.74151611328125,271.6552429199219,265.705810546875,272.62017822265625,269.5350036621094,265.1668014526367,263.7093811035156
2026-02-27,272.3240124520744,272.3240124520744,262.4217010495403,263.7093811035156,72366500,272.4637756347656,273.74151611328125,271.6552429199219,269.9715576171875,269.45514526367185,265.411360168457,264.2484130859375
2026-03-02,261.94253069595567,266.05518620599753,259.73647625260065,264.2484130859375,41827900,263.7093811035156,272.4637756347656,273.74151611328125,266.80718994140625,269.1636657714844,266.30376586914065,263.2801818847656
2026-03-03,263.0106738027697,265.08695529305965,259.6666350681776,263.2801818847656,38568900,264.2484130859375,263.7093811035156,272.4637756347656,263.74599202473956,267.4886535644531,266.29078979492186,262.0523376464844
2026-03-04,264.17854815272653,265.67587606267574,260.95432154975975,262.0523376464844,39803100,263.2801818847656,264.2484130859375,263.7093811035156,263.1936442057292,265.15081787109375,266.1081115722656,259.8263244628906
2026-03-05,260.3254337562426,261.09405110124777,256.79173142961054,259.8263244628906,49658600,262.0523376464844,263.2801818847656,264.2484130859375,261.71961466471356,262.6233276367187,266.07916564941405,257.0013427734375
2026-03-06,258.16927189629365,258.3090066542827,253.916851068475,257.0013427734375,41120000,259.8263244628906,262.0523376464844,263.2801818847656,259.6266682942708,261.28171997070314,265.3684326171875,259.41705322265625
2026-03-09,255.2345148744848,260.68477987096253,253.22808575123491,259.41705322265625,38218500,257.0013427734375,259.8263244628906,262.0523376464844,258.7482401529948,260.31544799804686,264.73955688476565,260.3653564453125
2026-03-10,257.19102845716964,262.01244158439727,256.4922936817907,260.3653564453125,30590800,259.41705322265625,257.0013427734375,259.8263244628906,258.92791748046875,259.73248291015625,263.6105682373047,260.3453674316406
2026-03-11,260.62486739620806,261.6630231774062,259.08760235948154,260.3453674316406,26218900,260.3653564453125,259.41705322265625,257.0013427734375,260.04259236653644,259.3910888671875,262.2709533691406,255.30438232421875
2026-03-12,258.1992253881205,258.48871731031414,253.72719511663234,255.30438232421875,40794000,260.3453674316406,260.3653564453125,259.41705322265625,258.6717020670573,258.4867004394531,260.5550140380859,249.6744384765625
2026-03-13,255.024890934378,255.87336762960538,249.07551643845036,249.6744384765625,36930000,255.30438232421875,260.3453674316406,260.3653564453125,255.10806274414062,257.0213195800781,259.1515197753906,252.36964416503906
2026-03-16,251.66090222791988,253.43773019062647,249.4348789230203,252.36964416503906,32074200,249.6744384765625,255.30438232421875,260.3453674316406,252.4494883219401,255.6118377685547,257.9636428833008,253.77711486816406
2026-03-17,252.5093881906664,254.67552076289968,251.7307636559193,253.77711486816406,32361600,252.36964416503906,249.6744384765625,255.30438232421875,251.94039916992188,254.294189453125,257.0133361816406,249.49476623535156
2026-03-18,252.1799767808244,254.48585937367065,248.55643828829037,249.49476623535156,35757900,253.77711486816406,252.36964416503906,249.6744384765625,251.88050842285156,252.1240692138672,255.75757904052733,248.5165252685547
2026-03-19,248.95572868612365,251.38140795985734,246.85947863088072,248.5165252685547,34864100,249.49476623535156,253.77711486816406,252.36964416503906,250.59613545735678,250.76649780273436,254.62659912109376,247.54823303222656
2026-03-20,247.53824109812177,248.75606899357115,245.56177255944445,247.54823303222656,88331100,248.5165252685547,249.49476623535156,253.77711486816406,248.51984151204428,250.34125671386718,253.68128814697266,251.04200744628906
2026-03-23,253.51758537106093,254.14646797882926,249.83415620831627,251.04200744628906,40546100,247.54823303222656,248.5165252685547,249.49476623535156,249.03558858235678,250.0757293701172,252.84378356933593,251.1917266845703
2026-03-24,249.90403139868116,254.37604644028636,249.10545347620703,251.1917266845703,45152300,251.04200744628906,247.54823303222656,248.5165252685547,249.9273223876953,249.55865173339845,251.92642059326172,252.16998291015625
2026-03-25,253.6473574345128,254.5457480998694,251.15181088451408,252.16998291015625,28476700,251.1917266845703,251.04200744628906,247.54823303222656,251.46790568033853,250.09369506835938,251.10888214111327,252.43951416015625
2026-03-26,251.67088153367666,256.5421934269488,250.32329549316128,252.43951416015625,41796700,252.16998291015625,251.1917266845703,251.04200744628906,251.9337412516276,250.8782928466797,250.82239532470703,248.35679626464844
2026-03-27,253.4477020992108,255.03488128462607,247.6281009352486,248.35679626464844,47900000,252.43951416015625,252.16998291015625,251.1917266845703,250.98876444498697,251.04000549316407,250.6906311035156,246.19065856933594
2026-03-30,249.62453299565456,250.4230956915925,245.07264337813007,246.19065856933594,39446200,248.35679626464844,252.43951416015625,252.16998291015625,248.99565633138022,250.06973571777343,250.0727325439453,253.337890625
2026-03-31,247.46837564153284,255.02488248828539,246.65982101631488,253.337890625,49598100,246.19065856933594,248.35679626464844,252.43951416015625,249.29511515299478,250.49896850585938,250.0288101196289,255.17462158203125
2026-04-01,253.62737973002484,255.7236296181179,252.8787157917901,255.17462158203125,40059400,253.337890625,246.19065856933594,248.35679626464844,251.5677235921224,251.0998962402344,250.59679565429687,255.464111328125
2026-04-02,253.74717405681358,255.6737439434535,250.20349485503914,255.464111328125,31289400,255.17462158203125,253.337890625,246.19065856933594,254.65887451171875,251.70481567382814,251.29155426025392,258.3988342285156
2026-04-06,256.053045051996,261.6929736576745,256.003115847535,258.3988342285156,29329900,255.464111328125,255.17462158203125,253.337890625,256.3458557128906,253.71322326660157,252.37661437988282,253.0484161376953
2026-04-07,255.70368128016966,255.7436185540334,245.2623079794448,253.0484161376953,62148000,258.3988342285156,255.464111328125,255.17462158203125,255.63712056477866,255.08477478027345,252.57725524902344,258.43878173828125
2026-04-08,257.98960165960847,259.2872736156141,256.0730086009651,258.43878173828125,41032800,253.0484161376953,258.3988342285156,255.464111328125,256.62867736816406,256.1049530029297,253.30196075439454,260.02593994140625
2026-04-09,258.5386040524215,260.65482250105316,255.6138310165902,260.02593994140625,28121600,258.43878173828125,253.0484161376953,258.3988342285156,257.1710459391276,257.07521667480466,254.08755645751953,260.0159912109375
2026-04-10,259.5168819122501,261.7229364827484,258.5585701252562,260.0159912109375,31291500,260.02593994140625,258.43878173828125,253.0484161376953,259.4935709635417,257.9855926513672,254.84520416259767,258.73828125
2026-04-13,259.2673359057164,259.71651601158027,256.2027973984465,258.73828125,36234700,260.0159912109375,260.02593994140625,258.43878173828125,259.59340413411456,258.05348205566406,255.88335266113282,258.368896484375
2026-04-14,258.78816168339415,261.4633801130582,256.73183388682423,258.368896484375,48370700,258.73828125,260.0159912109375,260.02593994140625,259.0410563151042,259.117578125,257.1011764526367,265.95538330078125
2026-04-15,257.7001261657452,266.08515659729386,257.35074355126085,265.95538330078125,49913500,258.368896484375,258.73828125,260.0159912109375,261.02085367838544,260.6208984375,258.36292572021483,262.9307556152344
2026-04-16,266.3246925362851,266.6840670491935,260.804545264895,262.9307556152344,43323100,265.95538330078125,258.368896484375,258.73828125,262.41834513346356,261.2018615722656,259.13853912353517,269.7486267089844
2026-04-17,266.4844323486072,271.8149160854778,266.24486962975914,269.7486267089844,61436200,262.9307556152344,265.95538330078125,258.368896484375,266.2115885416667,263.148388671875,260.5669906616211,272.5635681152344
2026-04-20,269.84841238867654,273.7913879220191,269.80850557942483,272.5635681152344,36590200,269.7486267089844,262.9307556152344,265.95538330078125,268.41431681315106,265.9134460449219,261.983464050293,265.69586181640625
2026-04-21,271.0163536236942,272.3140256362382,264.9272139873882,265.69586181640625,50209800,272.5635681152344,269.7486267089844,262.9307556152344,269.3360188802083,267.37883911132815,263.2482086181641,272.68341064453125
2026-04-22,267.3429346055621,273.2523721409737,266.39461467279705,272.68341064453125,43249200,265.69586181640625,272.5635681152344,269.7486267089844,270.3142801920573,268.7244445800781,264.67267150878905,272.9429016113281
2026-04-23,274.56001085217736,275.2787294551341,271.1660737405759,272.9429016113281,33399600,272.68341064453125,265.69586181640625,272.5635681152344,270.4407246907552,270.72687377929685,265.96436767578126,270.5771179199219
2026-04-24,272.2741016414235,272.5735550213531,269.16962610782736,270.5771179199219,38157100,272.9429016113281,272.68341064453125,265.69586181640625,272.06781005859375,270.8925720214844,267.0204803466797,267.1332702636719
2026-04-27,265.6159889280984,267.88193422863776,264.59781690250213,267.1332702636719,41466800,270.5771179199219,272.9429016113281,272.68341064453125,270.21776326497394,269.8065124511719,267.8599792480469,270.2277526855469
2026-04-28,271.8548539018017,272.7432830913257,268.181416710472,270.2277526855469,40018900,267.1332702636719,270.5771179199219,272.9429016113281,269.3127136230469,270.712890625,269.0458648681641,269.688720703125
2026-04-29,267.07336249706583,270.55716597281076,266.56429174844374,269.688720703125,30047900,270.2277526855469,267.1332702636719,270.5771179199219,269.01658121744794,270.11395263671875,269.41919860839846,270.86663818359375
2026-04-30,270.018146234023,275.50834883767226,267.6623648300734,270.86663818359375,91848200,269.688720703125,270.2277526855469,267.1332702636719,270.2610371907552,269.6986999511719,270.21278686523436,279.6409606933594
2026-05-01,278.36321169794013,286.7083346607987,277.87409435408995,279.6409606933594,79915400,270.86663818359375,269.688720703125,270.2277526855469,273.3987731933594,271.5114685058594,271.2020202636719,276.33685302734375
2026-05-04,279.16182884121525,280.13010214166496,274.3703610857382,276.33685302734375,46668400,279.6409606933594,270.86663818359375,269.688720703125,275.6148173014323,273.35218505859376,271.5793487548828,283.67376708984375
2026-05-05,276.43668191704,284.0630869835518,276.00745521106614,283.67376708984375,49311700,276.33685302734375,279.6409606933594,270.86663818359375,279.8838602701823,276.0413879394531,273.37713928222655,286.9978332519531
2026-05-06,281.4177950537395,287.5168959460148,280.5693031693742,286.9978332519531,58336100,283.67376708984375,276.33685302734375,279.6409606933594,282.3361511230469,279.5032104492187,274.80858154296874,286.9279479980469
2026-05-07,288.75467457606095,291.60959552514373,285.2709015174152,286.9279479980469,45224300,286.9978332519531,283.67376708984375,276.33685302734375,285.86651611328125,282.71547241210936,276.20708618164065,292.7974853515625
2026-05-08,289.49338424193445,294.2349225642168,289.48339230776435,292.7974853515625,52692800,286.9279479980469,286.9978332519531,283.67376708984375,288.9077555338542,285.34677734375,278.4291229248047,292.42779541015625
2026-05-11,291.72841688276577,293.6267735875138,289.979924827367,292.42779541015625,42247300,292.7974853515625,286.9279479980469,286.9978332519531,290.7177429199219,288.5649658203125,280.9585754394531,294.54595947265625
2026-05-12,292.3078994315659,295.0155556946294,292.3078994315659,294.54595947265625,45748100,292.42779541015625,292.7974853515625,286.9279479980469,293.257080078125,290.739404296875,283.39039611816406,298.6124572753906
2026-05-13,293.24708951115105,300.6607090744109,293.24708951115105,298.6124572753906,52684300,294.54595947265625,292.42779541015625,292.7974853515625,295.1954040527344,293.0623291015625,286.28276977539065,297.9530334472656
2026-05-14,299.5616620172475,300.1911240450107,295.12548538387824,297.9530334472656,35324900,298.6124572753906,294.54595947265625,292.42779541015625,297.0371500651042,295.26734619140626,288.9914093017578,299.9713134765625
2026-05-15,297.643304079477,302.93875555297063,296.26448829773227,299.9713134765625,54862800,297.9530334472656,298.6124572753906,294.54595947265625,298.84560139973956,296.7021118164063,291.0244445800781,297.5833435058594
2026-05-18,299.98126929450746,300.4009207908792,294.6558756451712,297.5833435058594,34483000,299.9713134765625,297.9530334472656,298.6124572753906,298.5025634765625,297.73322143554685,293.1490936279297,298.7123718261719
2026-05-19,296.7140952726279,300.2510533099592,296.09463441963413,298.7123718261719,42243600,297.5833435058594,299.9713134765625,297.9530334472656,298.75567626953125,298.56650390625,294.6529541015625,301.98956298828125
2026-05-20,297.9230626302997,302.5390768782648,297.82314269813475,301.98956298828125,38229800,298.7123718261719,297.5833435058594,299.9713134765625,299.4284261067708,299.24192504882814,296.1521270751953,304.7271728515625
2026-05-21,300.80056674721834,305.27671719779084,300.1411318265125,304.7271728515625,42965100,301.98956298828125,298.7123718261719,297.5833435058594,301.80970255533856,300.5967529296875,297.9320495605469,308.55389404296875
2026-05-22,305.85620846339293,311.13165741506583,305.57645096183757,308.55389404296875,43670200,304.7271728515625,301.98956298828125,298.7123718261719,305.0902099609375,302.3132690429687,299.5076904296875,308.0643005371094
2026-05-26,309.29325163060713,311.5513139598484,307.4048960873393,308.0643005371094,48000500,308.55389404296875,304.7271728515625,301.98956298828125,307.11512247721356,304.4094604492187,301.0713409423828,310.5821533203125
2026-05-27,308.0643052358437,312.9900803339556,308.0343323058515,310.5821533203125,50430900,308.0643005371094,308.55389404296875,304.7271728515625,309.06678263346356,306.7834167480469,302.6749603271484,312.24072265625
2026-05-28,310.412282475935,312.5304508120942,309.30325358892543,312.24072265625,48220400,310.5821533203125,308.0643005371094,308.55389404296875,310.2957255045573,308.8336486816406,304.03778686523435,311.7911071777344
2026-05-29,311.5113496628706,314.7285763294451,309.2632884033746,311.7911071777344,70026800,312.24072265625,310.5821533203125,308.0643005371094,311.5379943847656,310.246435546875,305.4215942382813,306.0460510253906
2026-06-01,309.363197507879,310.67206624496237,304.7571540774977,306.0460510253906,48849900,311.7911071777344,312.24072265625,310.5821533203125,310.0259602864583,309.7448669433594,306.02906799316406,314.92840576171875
2026-06-02,307.1950545511415,315.1781903378333,306.42572903356995,314.92840576171875,44534700,306.0460510253906,311.7911071777344,312.24072265625,310.92185465494794,311.11768798828126,307.76357421875,309.9926452636719
2026-06-03,313.9092501546009,316.6668815001487,308.5838566628498,309.9926452636719,50836700,314.92840576171875,306.0460510253906,311.7911071777344,310.32236735026044,310.9997863769531,308.8916015625,310.9618225097656
2026-06-04,312.96009909963743,313.26982953176514,309.38316692864953,310.9618225097656,44869100,309.9926452636719,314.92840576171875,306.0460510253906,311.96095784505206,310.74400634765624,309.78882751464846,307.0751647949219
2026-06-05,312.5903972939029,314.8984348439246,306.8853260765596,307.0751647949219,65310500,310.9618225097656,309.9926452636719,314.92840576171875,309.3432108561198,309.8008178710937,310.02362670898435,301.2801818847656
2026-06-08,308.4739595974908,317.1265012321255,300.9105055796523,301.2801818847656,77949100,307.0751647949219,310.9618225097656,309.9926452636719,306.4390563964844,308.84764404296874,309.29625549316404,290.29962158203125
2026-06-09,300.0212482417878,300.4908444635933,287.5320194610898,290.29962158203125,70108800,301.2801818847656,307.0751647949219,310.9618225097656,299.55165608723956,303.92188720703126,307.51978759765626,291.3287353515625
2026-06-10,290.4894628291428,294.4960172141002,287.1323727394638,291.3287353515625,52793300,290.29962158203125,301.2801818847656,307.0751647949219,294.30284627278644,300.18910522460936,305.5944458007813,295.375244140625
2026-06-11,293.4668864344149,296.7440586571729,289.3404406054596,295.375244140625,42572500,291.3287353515625,290.29962158203125,301.2801818847656,292.33453369140625,297.07178955078126,303.90789794921875,290.879150390625
2026-06-12,295.7749221682621,296.88398158337014,289.3704417369658,290.879150390625,38742100,295.375244140625,291.3287353515625,290.29962158203125,292.5277099609375,293.83258666992185,301.8167022705078,296.1645812988281
2026-06-15,293.8665449684006,297.5233947188816,291.4486474146935,296.1645812988281,45732600,290.879150390625,295.375244140625,291.3287353515625,294.13965861002606,292.80946655273436,300.82855529785155,298.9821472167969
2026-06-16,294.99559499590845,300.2210994929347,293.71669913987887,298.9821472167969,39874400,296.1645812988281,290.879150390625,295.375244140625,295.3419596354167,294.5459716796875,299.2339294433594,295.6949768066406
2026-06-17,300.59074812548096,301.8096980081642,294.10632015937927,295.6949768066406,42745100,298.9821472167969,296.1645812988281,290.879150390625,296.9472351074219,295.4192199707031,297.8041625976563,297.7532043457031
2026-06-18,297.8530937792582,300.31099586682666,295.3652492546472,297.7532043457031,85962200,295.6949768066406,298.9821472167969,296.1645812988281,297.4767761230469,295.8948120117187,296.48330078125,296.75408935546875
2026-06-22,297.05381866220307,302.1594314563154,296.5043047694293,296.75408935546875,44879900,297.7532043457031,295.6949768066406,298.9821472167969,296.7340901692708,297.0697998046875,295.45119323730466,294.04638671875
2026-06-23,297.2836155142734,301.3800886038737,293.9264950024863,294.04638671875,52010900,296.75408935546875,297.7532043457031,295.6949768066406,296.18456013997394,296.6461608886719,294.7278137207031,292.8274230957031
2026-06-24,295.1054570720635,299.4417438827621,292.68755959702736,292.8274230957031,53081900,294.04638671875,296.75408935546875,297.7532043457031,294.5426330566406,295.41521606445315,294.9805938720703,274.91290283203125
2026-06-25,287.1523472601469,288.55113481081804,273.5141152813601,274.91290283203125,107013700,292.8274230957031,294.04638671875,296.75408935546875,287.2622375488281,291.25880126953126,293.33901062011716,283.53546142578125
2026-06-26,274.7630284991681,285.70360492137456,273.9737007161028,283.53546142578125,261775500,274.91290283203125,292.8274230957031,294.04638671875,283.7585957845052,288.4152526855469,292.1550323486328,281.4972229003906
2026-06-29,286.4829438934296,288.12151489662153,279.6088673150861,281.4972229003906,66427000,283.53546142578125,274.91290283203125,292.8274230957031,279.9818623860677,285.36387939453124,291.2168395996094,289.11065673828125
2026-06-30,280.9277417485351,289.69017405322865,280.45814550695326,289.11065673828125,65100200,281.4972229003906,283.53546142578125,274.91290283203125,284.7144470214844,284.3767333984375,290.5114471435547,294.1263427734375
2026-07-01,293.1871503157195,296.33442991747245,288.95081360688545,294.1263427734375,50164200,289.11065673828125,281.4972229003906,283.53546142578125,288.24474080403644,284.6365173339844,290.02586669921874,308.3640441894531
2026-07-02,293.866538367699,309.15337194761725,293.4269150966668,308.3640441894531,75352800,294.1263427734375,289.11065673828125,281.4972229003906,297.2003479003906,291.3267456054688,291.2927734375,312.3905944824219
2026-07-06,307.0951430290638,313.9292760509671,306.7354678654279,312.3905944824219,53590000,308.3640441894531,294.1263427734375,289.11065673828125,304.9603271484375,297.0977722167969,292.7565124511719,310.3923034667969
2026-07-07,315.0183186077797,315.20815732134815,309.88273318392555,310.3923034667969,42490000,312.3905944824219,308.3640441894531,294.1263427734375,310.38231404622394,302.8767883300781,294.1203338623047,313.1199645996094
2026-07-08,311.6412289475945,314.5487250421545,306.7854009831778,313.1199645996094,41323500,310.3923034667969,312.3905944824219,308.3640441894531,311.9676208496094,307.67864990234375,296.02769165039064,315.947509765625
2026-07-09,310.24243869469103,316.2572401947346,307.8944576262147,315.947509765625,48124500,313.1199645996094,310.3923034667969,312.3905944824219,313.15325927734375,312.0428833007812,298.33970031738284,315.0483093261719
2026-07-10,314.4488202226986,316.6369356310425,311.9010296470402,315.0483093261719,34132300,315.947509765625,313.1199645996094,310.3923034667969,314.70526123046875,313.379736328125,302.3532409667969,317.03656005859375
2026-07-13,316.7468014245228,323.171283634363,315.5078797345754,317.03656005859375,43257800,315.0483093261719,315.947509765625,313.1199645996094,316.0107930501302,314.3089294433594,305.70335083007814,314.58868408203125
2026-07-14,313.48965629761443,315.91755515351207,311.64124426456783,314.58868408203125,36336800,317.03656005859375,315.0483093261719,315.947509765625,315.55785115559894,315.14820556640626,309.0124969482422,327.2178039550781
2026-07-15,317.34631234952286,328.44675508114506,317.0465830462295,327.2178039550781,60957600,314.58868408203125,317.03656005859375,315.0483093261719,319.6143493652344,317.9677734375,312.8232116699219,332.97283935546875
2026-07-16,327.72736328456057,334.3915986652446,326.50841333986017,332.97283935546875,62970600,327.2178039550781,314.58868408203125,317.03656005859375,324.9264424641927,321.3728393554687,316.707861328125,333.452392578125
2026-07-17,331.693929977533,334.7013154010385,328.71648699084636,333.452392578125,63407100,332.97283935546875,327.2178039550781,314.58868408203125,331.21434529622394,325.05365600585935,319.21669616699216,326.3085632324219
2026-07-20,333.2226134619852,333.4224228207836,323.4010672140761,326.3085632324219,53468000,333.452392578125,332.97283935546875,327.2178039550781,330.91126505533856,326.908056640625,320.6084930419922,327.45758056640625
2026-07-21,322.85156758462244,329.3159936819017,321.94234806189104,327.45758056640625,41338900,326.3085632324219,333.452392578125,332.97283935546875,329.0728454589844,329.4818359375,322.3150207519531,325.60919189453125
2026-07-22,327.58746619388995,328.7164973399543,323.0613709608057,325.60919189453125,38755900,327.45758056640625,326.3085632324219,333.452392578125,326.4584452311198,329.1601135253906,323.56394348144534,321.3828430175781
2026-07-23,321.4527900194849,323.0214140443725,319.0748358849152,321.3828430175781,40840800,325.60919189453125,327.45758056640625,326.3085632324219,324.81653849283856,326.8421142578125,324.10747680664065,332.7330322265625
2026-07-24,321.5127284115298,334.0818750563203,321.3428614810286,332.7330322265625,47489400,321.3828430175781,325.60919189453125,327.45758056640625,326.5750223795573,326.6982421875,325.8759490966797,336.61968994140625
2026-07-27,334.2517370375488,339.277401491225,333.73216560461384,336.61968994140625,49604300,332.7330322265625,321.3828430175781,325.60919189453125,330.2451883951823,328.7604675292969,327.8342620849609,339.78692626953125
2026-07-28,339.73698155301014,342.59453283396704,335.31080637618777,339.78692626953125,51859000,336.61968994140625,332.7330322265625,321.3828430175781,336.3798828125,331.22633666992186,330.3540863037109,337.8985900878906
2026-07-29,339.43727163464206,344.2730974331505,337.0593175600121,337.8985900878906,56090800,339.78692626953125,336.61968994140625,332.7330322265625,338.1017354329427,333.68421630859376,331.4221649169922,333.1426696777344
2026-07-30,332.8129674612056,334.4615395264105,329.30598233808786,333.1426696777344,74817800,337.8985900878906,339.78692626953125,336.61968994140625,336.94272867838544,336.036181640625,331.43914794921875,308.6438293457031
2026-07-31,304.54735603914753,310.4222943774597,299.7415030462749,308.6438293457031,132489100,333.1426696777344,337.8985900878906,339.78692626953125,326.5616963704427,331.2183410644531,328.9582916259766,303.1585693359375
2026-08-03,309.313234694189,311.5313230344714,302.29929450581176,303.1585693359375,75052000,308.6438293457031,333.1426696777344,337.8985900878906,314.981689453125,324.5261169433594,326.64329223632814,309.1134033203125
2026-08-04,302.46913991298527,310.1525156602479,301.0603512911937,309.1134033203125,68001000,303.1585693359375,308.6438293457031,333.1426696777344,306.97193400065106,318.39141235351565,324.8088745117187,310.7320251464844
2026-08-05,309.09342362565195,311.4414048335362,305.40663118634393,310.7320251464844,49438800,309.1134033203125,303.1585693359375,308.6438293457031,307.6679992675781,312.9580993652344,323.32115783691404,312.14080810546875
2026-08-06,314.06913775686996,316.0174696892129,308.96355554648414,312.14080810546875,46139900,310.7320251464844,309.1134033203125,303.1585693359375,310.6620788574219,308.7577270507812,322.39695434570314,313.05999755859375
2026-08-07,311.1816431226555,314.53873325457766,310.47223295908327,313.05999755859375,34437200,312.14080810546875,310.7320251464844,309.1134033203125,311.9776102701823,309.6409606933594,320.4296508789063,308.260009765625
2026-08-10,306.8299865722656,308.260009765625,304.6099853515625,308.260009765625,44812500,313.05999755859375,312.14080810546875,310.7320251464844,311.1536051432292,310.6612487792969,317.59368286132815,304.9100036621094
2026-08-11,307.75,309.9700012207031,302.7900085449219,304.9100036621094,37476700,308.260009765625,313.05999755859375,312.14080810546875,308.7433369954427,309.82056884765626,314.1059906005859,302.25
2026-08-12,305.1000061035156,305.6600036621094,300.57000732421875,302.25,41657800,304.9100036621094,308.260009765625,313.05999755859375,305.14000447591144,308.12416381835936,310.5411315917969,305.260009765625
2026-08-13,304.2099914550781,306.0,302.04998779296875,305.260009765625,40349300,302.25,304.9100036621094,308.260009765625,304.14000447591144,306.7480041503906,307.75286560058595,305.92999267578125
2026-08-14,306.0,307.489990234375,304.29998779296875,305.92999267578125,28229400,305.260009765625,302.25,304.9100036621094,304.48000081380206,305.32200317382814,307.4814819335937,305.5899963378906
2026-08-17,306.2099914550781,307.6600036621094,302.94000244140625,305.5899963378906,38169300,305.92999267578125,305.260009765625,302.25,305.5933329264323,304.7880004882812,307.72462463378906,310.0299987792969
2026-08-18,307.5799865722656,311.489990234375,305.739990234375,310.0299987792969,53424500,305.5899963378906,305.92999267578125,305.260009765625,307.18332926432294,305.81199951171874,307.8162841796875,316.8299865722656
2026-08-19,310.1400146484375,319.2799987792969,309.6000061035156,316.8299865722656,50505600,310.0299987792969,305.5899963378906,305.92999267578125,310.81666056315106,308.7279968261719,308.42608032226565,311.29998779296875
2026-08-20,317.4599914550781,320.2799987792969,310.6499938964844,311.29998779296875,40959200,316.8299865722656,310.0299987792969,305.5899963378906,312.71999104817706,309.9359924316406,308.3419982910156,309.3500061035156
2026-08-21,312.04998779296875,312.3800048828125,307.010009765625,309.3500061035156,46876800,311.29998779296875,316.8299865722656,310.0299987792969,312.4933268229167,310.6199951171875,307.9709991455078,310.3399963378906
2026-08-24,311.4700012207031,313.3599853515625,309.9700012207031,310.3399963378906,34673600,309.3500061035156,311.29998779296875,316.8299865722656,310.3299967447917,311.5699951171875,308.1789978027344,309.8999938964844
2026-08-25,310.7900085449219,313.5899963378906,308.2099914550781,309.8999938964844,25869800,310.3399963378906,309.3500061035156,311.29998779296875,309.8633321126302,311.543994140625,308.67799682617186,313.45001220703125
2026-08-26,310.29998779296875,315.42999267578125,308.79998779296875,313.45001220703125,34024500,309.8999938964844,310.3399963378906,309.3500061035156,311.23000081380206,310.8679992675781,309.797998046875,314.5799865722656
2026-08-27,310.54998779296875,315.3999938964844,309.3999938964844,314.5799865722656,32419200,313.45001220703125,309.8999938964844,310.3399963378906,312.64333089192706,311.5239990234375,310.72999572753906,319.70001220703125
2026-08-28,316.8500061035156,322.3699951171875,315.45001220703125,319.70001220703125,38649400,314.5799865722656,313.45001220703125,309.8999938964844,315.9100036621094,313.5940002441406,312.10699768066405,316.8500061035156
2026-08-31,319.6000061035156,321.239990234375,312.79998779296875,316.8500061035156,41242700,319.70001220703125,314.5799865722656,313.45001220703125,317.0433349609375,314.8960021972656,313.2329986572266,325.1300048828125
2026-09-01,316.9800109863281,327.29998779296875,314.7300109863281,325.1300048828125,53167400,316.8500061035156,319.70001220703125,314.5799865722656,320.5600077311198,317.94200439453124,314.7429992675781,324.9599914550781
2026-09-02,326.8699951171875,328.3999938964844,323.5299987792969,324.9599914550781,33776400,325.1300048828125,316.8500061035156,319.70001220703125,322.31333414713544,320.24400024414064,315.5559997558594,328.2099914550781
2026-09-03,324.8699951171875,330.80999755859375,324.1099853515625,328.2099914550781,37225800,324.9599914550781,325.1300048828125,316.8500061035156,326.09999593098956,322.9700012207031,317.2470001220703,319.9700012207031
2026-09-04,328.30999755859375,328.92999267578125,317.8599853515625,319.9700012207031,39606900,328.2099914550781,324.9599914550781,325.1300048828125,324.37999471028644,323.0239990234375,318.3089996337891,316.2200012207031
2026-09-08,317.1000061035156,320.70001220703125,314.8999938964844,316.2200012207031,35477100,319.9700012207031,328.2099914550781,324.9599914550781,321.46666463216144,322.897998046875,318.8970001220703,315.3399963378906
2026-09-09,315.489990234375,319.1499938964844,309.8999938964844,315.3399963378906,65640000,316.2200012207031,319.9700012207031,328.2099914550781,317.1766662597656,320.93999633789065,319.4410003662109,326.57000732421875
2026-09-10,316.6700134277344,326.739990234375,316.510009765625,326.57000732421875,70011900,315.3399963378906,316.2200012207031,319.9700012207031,319.3766682942708,321.2619995117187,320.7529998779297,332.2699890136719
2026-09-11,327.45001220703125,336.2200012207031,326.29998779296875,332.2699890136719,50716900,326.57000732421875,315.3399963378906,316.2200012207031,324.72666422526044,322.0739990234375,322.5220001220703,333.0799865722656
2026-09-14,334.7900085449219,335.5,331.3399963378906,333.0799865722656,39269100,332.2699890136719,326.57000732421875,315.3399963378906,330.63999430338544,324.69599609375,323.85999755859376,331.3399963378906
2026-09-15,330.1400146484375,331.7799987792969,328.3500061035156,331.3399963378906,31748200,333.0799865722656,332.2699890136719,326.57000732421875,332.22999064127606,327.7199951171875,325.3089965820312,332.4100036621094
2026-09-16,332.5299987792969,335.4800109863281,330.70001220703125,332.4100036621094,35981000,331.3399963378906,333.0799865722656,332.2699890136719,332.2766621907552,331.1339965820313,326.03699645996096,337.0
2026-09-17,334.7699890136719,338.3399963378906,330.17999267578125,337.0,36700200,332.4100036621094,331.3399963378906,333.0799865722656,333.5833333333333,333.2199951171875,327.2409973144531,336.1300048828125
2026-09-18,337.9100036621094,338.489990234375,332.5299987792969,336.1300048828125,86588200,337.0,332.4100036621094,331.3399963378906,335.1800028483073,333.99199829101565,328.0329986572266,338.9800109863281
2026-09-21,335.2799987792969,339.6400146484375,333.04998779296875,338.9800109863281,34999200,336.1300048828125,337.0,332.4100036621094,337.37000528971356,335.1720031738281,329.9339996337891,339.75
2026-09-22,340.1400146484375,345.3399963378906,338.75,339.75,40711800,338.9800109863281,336.1300048828125,337.0,338.2866719563802,336.85400390625,332.28699951171876,337.0199890136719
2026-09-23,341.0799865722656,341.79998779296875,335.5,337.0199890136719,31658800,339.75,338.9800109863281,336.1300048828125,338.5833333333333,337.7760009765625,334.4549987792969,335.9200134277344
2026-09-24,336.7200012207031,338.9100036621094,334.29998779296875,335.9200134277344,24733100,337.0199890136719,339.75,338.9800109863281,337.56333414713544,337.56000366210935,335.38999938964844,341.07000732421875
